id,verification_bundle,verification_priority,title,provider,provider_type,scholarship_type,primary_link,link_status,data_status,description,eligible_levels,eligible_regions,eligible_cities,residency_required,eligible_school_types,eligible_courses_psced,eligible_courses_specific,citizenship_required,max_income_threshold,min_gwa_normalized,min_age,max_age,priority_groups,members_only,benefit_tuition,benefit_allowance_monthly,benefit_books,benefit_miscellaneous,benefit_total_value,required_documents,has_qualifying_exam,has_interview,has_essay_requirement,has_return_service,application_open_date,application_deadline,academic_year_target,cycle_type,last_open_date,last_close_date,application_status,last_verified_at,verification_source,is_active
1,ched_unifast,high,CHED Merit Scholarship Program,Commission on Higher Education (CHED),Government,Merit-and-Need,https://ched.gov.ph/merit-scholarship,broken,broken_link,Merit-based scholarship for academically excellent students with financial needs.,College,,,false,Public|Private,STEM|Business|Engineering|Education|Agriculture,,,400000,90.0,16,25,4Ps/Listahanan|Underprivileged,false,true,3000,true,,80000,ITR|BIRTH_CERT|GOOD_MORAL|TOR,true,true,true,false,2026-03-01,2026-06-30,2026-2027,annual,2025-03-01,2025-06-30,expected_reopen,2026-07-08T14:45:16.659048,csv_import,true
2,dost,high,DOST-SEI Undergraduate Scholarship,Department of Science and Technology - SEI,Government,Merit-and-Need,https://ugs.science-scholarships.ph,broken,broken_link,"STEM scholarship for Science, Technology, Engineering, and Mathematics courses.",College,,,false,Public|Private,STEM|Engineering,BS Computer Science|BS Information Technology|BS Mathematics|BS Physics|BS Chemistry,,400000,92.0,17,22,Underprivileged,false,true,7000,true,,120000,ITR|BIRTH_CERT|GOOD_MORAL|TOR,true,true,true,true,2026-02-01,2026-04-15,2026-2027,annual,2025-02-01,2025-04-15,expected_reopen,2026-07-08T14:45:16.659048,csv_import,true
3,dost,high,DOST-SEI Graduate Scholarship,Department of Science and Technology - SEI,Government,Merit-and-Need,https://science-scholarships.ph,broken,broken_link,Graduate scholarship for master's and doctoral programs in STEM.,Graduate,,,false,Public|Private,STEM|Engineering,,,500000,88.0,22,45,,false,true,15000,true,,200000,ITR|BIRTH_CERT|TOR|ESSAY,true,true,true,true,2026-03-01,2026-05-31,2026-2027,semester,2025-09-01,2025-11-30,expected_reopen,2026-07-08T14:45:16.659048,csv_import,true
4,tesda,normal,TESDA Scholarship Program,Technical Education and Skills Development Authority,Government,Need,https://tesda.gov.ph,ok,,Technical-vocational education and training scholarships nationwide.,TVET,,,false,Public|Private,STEM|Agriculture|Engineering,,,500000,75.0,15,60,4Ps/Listahanan|Underprivileged,false,true,2000,true,,50000,BIRTH_CERT|GOOD_MORAL|FORM_137,false,true,false,false,2026-01-01,2026-12-31,2026-2027,annual,2025-01-01,2025-12-31,open,2026-07-08T14:45:16.659048,csv_import,true
5,ched_unifast,high,CHED-Tulong Dulong Program,Commission on Higher Education,Government,Need,https://ched.gov.ph,broken,needs_review,Financial assistance for students from low-income families.,College,,,false,Public|Private,STEM|Business|Engineering|Education|Agriculture,,,400000,80.0,16,30,4Ps/Listahanan|Underprivileged,false,true,2500,true,,60000,ITR|BIRTH_CERT|GOOD_MORAL|4PS_CERT,false,false,false,false,2026-04-01,2026-07-31,2026-2027,annual,2025-04-01,2025-07-31,needs_verification,2026-07-08T14:45:16.659048,csv_import,true
6,ched_unifast,normal,UniFAST Tertiary Education Subsidy,Unified Student Financial Assistance System,Government,Need,https://unifast.gov.ph,ok,,Tertiary education subsidy for eligible Filipino students.,College,,,false,Public|Private,STEM|Business|Engineering|Education|Agriculture,,,,75.0,16,35,4Ps/Listahanan,false,true,2000,false,,40000,ITR|BIRTH_CERT|4PS_CERT,false,false,false,false,2026-05-01,2026-08-31,2026-2027,,,,open,2026-07-08T14:45:16.659048,csv_import,true
7,gsis_sss,high,GSIS Scholarship Program,Government Service Insurance System,Government,Affiliation,https://gsis.gov.ph,broken,broken_link,Scholarship for children of GSIS members.,College,,,false,Public|Private,STEM|Business|Engineering|Education,,,500000,85.0,16,25,GSIS Dependent,true,true,4000,true,,90000,ITR|BIRTH_CERT|GOOD_MORAL|TOR,true,true,false,false,2026-02-01,2026-04-30,2026-2027,,,,previous_cycle,2026-07-08T14:45:16.659048,csv_import,true
8,gsis_sss,high,SSS Educational Loan Program,Social Security System,Government,Affiliation,https://sss.gov.ph,broken,broken_link,"Study now, pay later program for SSS members and dependents.",College,,,false,Public|Private,STEM|Business|Engineering|Education,,,500000,80.0,16,30,SSS Dependent,true,true,0,false,,80000,ITR|BIRTH_CERT|GOOD_MORAL|TOR,false,true,false,false,2026-03-01,2026-06-30,2026-2027,,,,previous_cycle,2026-07-08T14:45:16.659048,csv_import,true
9,owwa_dswd_ncip,high,OWWA Education and Training Program,Overseas Workers Welfare Administration,Government,Affiliation,https://owwa.gov.ph,broken,broken_link,Scholarship for dependents of OFWs.,College,,,false,Public|Private,STEM|Business|Engineering|Education,,,500000,85.0,16,30,OFW Dependent,false,true,5000,true,,100000,ITR|BIRTH_CERT|OFW_DOCS|GOOD_MORAL,true,true,true,false,2026-02-01,2026-05-15,2026-2027,,,,previous_cycle,2026-07-08T14:45:16.659048,csv_import,true
10,sm_foundation,high,SM Foundation College Scholarship,SM Foundation,Private,Need,https://sm-foundation.org/scholarship,broken,broken_link,Educational assistance for financially challenged students with good academics.,College,,,false,Public|Private,STEM|Business|Engineering|Education,,,250000,92.0,16,28,4Ps/Listahanan|Underprivileged,false,true,5000,true,,100000,ITR|BIRTH_CERT|SKETCH_HOME|ESSAY,true,true,true,false,2026-02-01,2026-03-31,2026-2027,,,,previous_cycle,2026-07-08T14:45:16.659048,csv_import,true
11,private_foundations,normal,Ayala Foundation Scholarship Program,Ayala Foundation,Private,Merit-and-Need,https://ayalafoundation.org/scholarships,timeout,expired,Scholarship for students with leadership potential and financial need.,College,Luzon|NCR,,false,Public|Private,STEM|Business|Engineering|Education,,,400000,90.0,16,25,,false,true,4000,true,,90000,ITR|BIRTH_CERT|GOOD_MORAL|ESSAY,true,true,true,false,2026-02-15,2026-04-30,2026-2027,,,,previous_cycle,2026-07-08T14:45:16.659048,csv_import,true
12,archived_reference,normal,Gokongwei Brothers Foundation Scholarship,Gokongwei Brothers Foundation,Private,Merit-and-Need,https://gokongweifoundation.org/scholarship,,expired,Engineering and technology scholarship for underprivileged students.,College,Luzon|NCR,,false,Public|Private,STEM|Engineering,,,400000,92.0,17,24,Underprivileged,false,true,5000,true,,100000,ITR|BIRTH_CERT|GOOD_MORAL|TOR|ESSAY,true,true,true,false,2026-02-01,2026-04-15,2026-2027,,,,archived,2026-07-08T14:45:16.659048,csv_import,false
13,private_foundations,high,Metrobank Foundation Scholarship,Metrobank Foundation,Private,Merit-and-Need,https://metrobank-foundation.org/scholarship,broken,broken_link,Scholarship for deserving students with excellent academic records.,College,,,false,Public|Private,STEM|Business|Engineering|Education,,,400000,90.0,16,30,,false,true,4000,true,,85000,ITR|BIRTH_CERT|GOOD_MORAL|TOR,true,true,true,false,2026-03-01,2026-05-31,2026-2027,,,,previous_cycle,2026-07-08T14:45:16.659048,csv_import,true
14,private_foundations,normal,BPI Foundation Scholarship,BPI Foundation,Private,Merit-and-Need,https://bpifoundation.org,ok,expired,College scholarship for academically gifted students.,College,,,false,Public|Private,STEM|Business|Engineering|Education,,,400000,92.0,16,28,,false,true,3500,true,,80000,ITR|BIRTH_CERT|GOOD_MORAL|TOR,true,true,true,false,2026-02-01,2026-04-30,2026-2027,,,,previous_cycle,2026-07-08T14:45:16.659048,csv_import,true
15,private_foundations,high,San Miguel Foundation Scholarship,San Miguel Foundation,Private,Merit-and-Need,https://sanmiguel.com.ph/foundation,broken,broken_link,"Scholarship for engineering, business, and related fields.",College,,,false,Public|Private,STEM|Engineering|Business,,,400000,88.0,17,25,,false,true,4000,true,,90000,ITR|BIRTH_CERT|GOOD_MORAL|TOR,true,true,true,false,2026-03-01,2026-05-15,2026-2027,,,,previous_cycle,2026-07-08T14:45:16.659048,csv_import,true
16,private_foundations,high,PLDT-Smart Foundation Scholarship,PLDT-Smart Foundation,Private,Merit-and-Need,https://pldtsmartfoundation.org,broken,broken_link,Scholarship for IT and tech-related degree programs.,College,,,false,Public|Private,STEM|Engineering,,,400000,90.0,17,25,,false,true,5000,true,,100000,ITR|BIRTH_CERT|GOOD_MORAL|TOR|ESSAY,true,true,true,false,2026-02-15,2026-04-30,2026-2027,,,,previous_cycle,2026-07-08T14:45:16.659048,csv_import,true
17,other_government,high,DepEd SHS Voucher Program,Department of Education,Government,Need,https://deped.gov.ph,broken,broken_link,Voucher program for senior high school students.,High School,,,false,Public|Private,STEM|Business|Engineering|Education|Agriculture,,,500000,75.0,15,20,,false,true,0,false,,25000,BIRTH_CERT|GOOD_MORAL|FORM_137,false,false,false,false,2026-03-01,2026-06-30,2026-2027,,,,previous_cycle,2026-07-08T14:45:16.659048,csv_import,true
18,universities,high,Ateneo High School Financial Aid,Ateneo de Manila University,Institutional,Merit-and-Need,https://ateneo.edu,broken,broken_link,Need-based financial aid for high school students.,High School,NCR,,false,Public|Private,STEM|Business|Engineering|Education|Arts,,,400000,90.0,12,18,,false,true,0,false,,80000,ITR|BIRTH_CERT|GOOD_MORAL|TOR,true,true,true,false,2026-01-15,2026-03-31,2026-2027,,,,previous_cycle,2026-07-08T14:45:16.659048,csv_import,true
19,ched_unifast,high,CHED K-12 Transition Scholarship,Commission on Higher Education,Government,Merit-and-Need,https://ched.gov.ph,broken,broken_link,Graduate scholarship for educators and professionals.,Graduate,,,false,Public|Private,Education,,,500000,85.0,18,35,,false,true,8000,true,,120000,ITR|BIRTH_CERT|TOR|ESSAY,true,true,true,false,2026-03-01,2026-06-30,2026-2027,,,,previous_cycle,2026-07-08T14:45:16.659048,csv_import,true
20,other_government,high,ERC Graduate Fellowship,Energy Regulatory Commission,Government,Merit-and-Need,https://erc.gov.ph,broken,broken_link,Graduate fellowship for energy-related studies.,Graduate,NCR,,false,Public|Private,STEM|Engineering,,,500000,88.0,22,40,,false,true,12000,true,,150000,ITR|BIRTH_CERT|TOR|ESSAY,true,true,true,false,2026-02-01,2026-05-15,2026-2027,,,,previous_cycle,2026-07-08T14:45:16.659048,csv_import,true
21,lgu_ncr,high,Pasig City Scholarship Program,Pasig City LGU,LGU,Need,https://pasigcity.gov.ph,broken,broken_link,Local scholarship for Pasig City residents.,College,NCR,Pasig City,true,Public|Private,STEM|Business|Engineering|Education,,,400000,85.0,16,30,,false,true,3000,true,,70000,ITR|BIRTH_CERT|BARANGAY_CERT|GOOD_MORAL,false,true,false,false,2026-04-01,2026-06-30,2026-2027,,,,previous_cycle,2026-07-08T14:45:16.659048,csv_import,true
22,lgu_ncr,normal,Quezon City Scholarship,Quezon City LGU,LGU,Merit-and-Need,https://quezoncity.gov.ph,ok,,Scholarship for QC residents pursuing higher education.,College,NCR,Quezon City,true,Public|Private,STEM|Business|Engineering|Education,,,400000,88.0,16,35,,false,true,3500,true,,75000,ITR|BIRTH_CERT|BARANGAY_CERT|GOOD_MORAL,false,true,false,false,2026-04-01,2026-07-31,2026-2027,,,,open,2026-07-08T14:45:16.659048,csv_import,true
23,universities,high,Philippine Normal University Scholarship,Philippine Normal University,Institutional,Merit-and-Need,https://pnu.edu.ph,broken,broken_link,Scholarship for future educators.,College,,,false,Public|Private,Education,,,400000,90.0,17,30,,false,true,3000,true,,70000,ITR|BIRTH_CERT|GOOD_MORAL|TOR,true,true,true,false,2026-02-01,2026-05-31,2026-2027,,,,previous_cycle,2026-07-08T14:45:16.659048,csv_import,true
24,universities,normal,UP Presidential Scholarship,University of the Philippines,Institutional,Merit-and-Need,https://up.edu.ph,ok,expired,Merit-based scholarship for top UPCAT passers.,College,,,false,Public|Private,STEM|Business|Engineering|Education|Agriculture,,,400000,95.0,16,25,,false,true,6000,true,,120000,ITR|BIRTH_CERT|GOOD_MORAL|TOR,true,true,true,false,2026-02-01,2026-04-30,2026-2027,,,,previous_cycle,2026-07-08T14:45:16.659048,csv_import,true
25,lgu_ncr,high,Pasig City Regular Academic Scholarship,Pasig City Government,LGU,Merit-and-Need,https://scholars.pasigcity.gov.ph,broken,needs_review,"The Pasig City Regular Academic Scholarship is designed for residents of Pasig City who demonstrate high academic performance and are enrolled in recognized higher education institutions. This program provides comprehensive tuition assistance and stipends to support college education for local youths. Applicants must maintain a minimum GWA of 85% or equivalent, with no grade lower than 85% in any subject. Eligibility requires presenting a valid Pasig City LGU ID or Barangay Certificate of Residency proving at least 3 years of residency, and registered voter status for parents or applicants of legal age. Application steps involve registering online via the official Pasig Scholarship portal, uploading scanned requirements, and attending an orientation once approved. Highly recurring cycle opening every first semester of the academic year. Financial need is factored via an annual family income cap of 300,000 PHP.",College,NCR,Pasig,true,Public|Private,STEM|Engineering|IT|Education|Medical|Business|Agriculture|Arts,All accredited undergraduate degrees,,300000,85.0,,,4Ps/Listahanan,false,true,1500,true,,25000,BARANGAY_CERT|BIRTH_CERT|GOOD_MORAL|TOR,true,true,false,false,2026-07-01,2026-08-15,2026-2027,annual,2025-07-05,2025-08-20,needs_verification,2026-06-30T12:30:07.235980,manual,true
26,lgu_ncr,high,Pasig City Arts and Design Scholarship,Pasig City Government,LGU,Affiliation,https://scholars.pasigcity.gov.ph,broken,needs_review,"This dedicated track supports creative individuals residing in Pasig City who pursue fields in fine arts, digital design, music, performing arts, or literature. Eligible applicants must showcase a portfolio or pass a talent audition managed by the Pasig Cultural Affairs Office. Academic requirements are set at a minimum GWA of 80%. Benefits include school fees financial aid and materials allowances. Registration is completed through the online portal, followed by an in-person portfolio review.",College|Grade 11|Grade 12,NCR,Pasig,true,Public|Private,Arts,Fine Arts|Digital Design|Music|Performing Arts,,350000,80.0,,,Artists and Creatives,false,true,1500,true,,28000,BARANGAY_CERT|BIRTH_CERT|FORM_137|ESSAY,true,true,true,false,2026-08-01,2026-09-10,2026-2027,annual,2025-08-05,2025-09-15,needs_verification,2026-06-30T12:30:09.994883,manual,true
27,lgu_ncr,normal,Taguig LANI Premier Scholarship,Taguig City Government,LGU,Merit-based,https://tcu.edu.ph/lani-scholarship,ok,active,"The Lifeline Assistance for Neighbors in Need (LANI) Premier Scholarship is Taguig City's flagship merit track for top-tier residents studying in prestigious private universities or high-cost specialized institutions (e.g., UP, DLSU, ADMU, UST, Mapua). Applicants must be registered voters of Taguig for at least 3 years and have a minimum GWA of 90% (1.50 or better) with zero failing grades. It offers substantial financial aid up to 50,000 PHP per semester to directly cover tuition fees and modern learning tools. Applications are submitted via the Taguig LANI portal or at the Taguig Civic Center scholarship desk. Highly structured and strictly recurring every semester.",College,NCR,Taguig,true,Public|Private,STEM|Engineering|IT|Education|Medical|Business|Arts,Top-tier institutional degrees,,600000,90.0,,,Top 10 Percent Graduates,false,true,3000,true,,100000,BARANGAY_CERT|BIRTH_CERT|TOR,true,true,true,false,2026-06-20,2026-07-31,2026-2027,semester,2026-01-05,2026-02-15,open,2026-06-30T12:30:23.581976,manual,true
28,lgu_ncr,normal,Taguig LANI Priority Scholarship,Taguig City Government,LGU,Merit-and-Need,https://tcu.edu.ph/lani-scholarship,ok,active,"This specific LANI track directly targets priority fields of study essential for national development and city workforce planning, including STEM, digital engineering, data analytics, special education, and specialized medical courses. Eligible applicants need a minimum GWA of 82%. Financial benefits are elevated compared to basic tracks, supplying up to 30,000 PHP per semester. Priority status is also given to low-income applicants, PWDs, and dependents of solo parents.",College,NCR,Taguig,true,Public|Private,STEM|Engineering|IT|Education|Medical,STEM and Allied Medical Courses,,350000,82.0,,,PWD|Solo Parent Dependent,false,true,2500,true,,60000,BARANGAY_CERT|BIRTH_CERT|TOR|4PS_CERT,false,true,false,false,2026-06-20,2026-07-31,2026-2027,semester,2026-01-05,2026-02-15,open,2026-06-30T12:30:25.671506,manual,true
29,lgu_ncr,normal,Taguig LANI LCU and SUC Assistance Scholarship,Taguig City Government,LGU,Merit-and-Need,https://tcu.edu.ph/lani-scholarship,ok,active,"This scholarship is specially tailored for Taguig residents who are already utilizing the Free Higher Education law at State Universities and Colleges (SUCs) or Local Colleges and Universities (LCUs) like Taguig City University (TCU) or PUP. Since tuition is free, this track converts assistance into a pure monthly cash living stipend of 1,500 PHP plus 2,000 PHP per semester for books. Requires a GWA of 80% and zero failures. Online submission occurs via the unified TCU-LANI interface.",College,NCR,Taguig,true,Public,STEM|Engineering|IT|Education|Medical|Business|Agriculture|Arts,SUC and LCU courses,,250000,80.0,,,LCU Students|SUC,false,false,1500,true,,19000,BARANGAY_CERT|TOR,false,false,false,false,2026-06-20,2026-07-31,2026-2027,semester,2026-01-05,2026-02-15,open,2026-06-30T12:30:26.941782,manual,true
30,archived_reference,normal,Taguig Lifeline Bar and Board Review Assistance,Taguig City Government,LGU,Affiliation,https://tcu.edu.ph/lani-scholarship,,expired,"A specialized, one-time financial grant for Taguig residents who have completed their undergraduate degrees in Law, Engineering, Nursing, Accountancy, or Education and are preparing for professional licensure examinations (PRC Board Exams or Supreme Court Bar Exam). Provides a lump-sum financial grant of 15,000 PHP to 30,000 PHP to pay for review center enrollments and examination fees. Requires graduation proof, a certification from an official review center, and voter verification. No GWA check is enforced post-graduation.",Graduate|College,NCR,Taguig,true,Public|Private,STEM|Engineering|Education|Medical|Business,Board or Bar review courses,,600000,,,,Board Exam Takers,false,false,,true,,30000,BARANGAY_CERT|BIRTH_CERT|TOR,false,false,false,false,2026-04-01,2026-05-30,2026-2027,rolling,2025-04-05,2025-05-28,archived,2026-06-30T12:30:28.369217,manual,false
31,lgu_ncr,normal,Makati City SUC and Priority Courses Scholarship,Makati City Government,LGU,Merit-and-Need,https://www.makati.gov.ph,ok,active,"This LGU track caters to Makati residents enrolled in State Universities and Colleges (outside of UMak) pursuing priority industrial fields like IT, engineering, and digital science. It grants 20,000 PHP per semester to offset learning materials, transportation, and field training expenses. It requires 5 years of residency and an overall GWA of 82% (2.25) with no grades lower than 80%. Applications are handled through the Makati Education Department at City Hall.",College,NCR,Makati,true,Public,STEM|Engineering|IT,IT and Engineering courses,,300000,82.0,,,Low to Middle Income,false,false,2000,true,,40000,BARANGAY_CERT|TOR|ITR,false,true,false,false,2026-06-01,2026-07-15,2026-2027,annual,2025-06-02,2025-07-20,open,2026-06-30T12:30:29.154570,manual,true
32,archived_reference,normal,University of Makati Token Fee Exemption Program,University of Makati (UMak),Institutional,Merit-based,https://www.umak.edu.ph,,expired,"The University of Makati (UMak) Token Fee Exemption Program serves as an institutional academic scholarship that waives the remaining standard token fees for high-performing student residents of Makati. Administered by the UMak Scholarship Office, applicants must achieve a GWA of 1.75 (88%) or better during their semester and maintain a full academic load. The program converts academic excellence directly into fully zeroed tuition liabilities and offers priority enlistment. Application is processed entirely internally through the UMak student portal at the close of every grading period.",College,NCR,Makati,true,Public,STEM|Engineering|IT|Education|Medical|Business|Arts,All UMak college courses,,250000,88.0,,,UMak Internals,false,true,,false,,5000,TOR|GOOD_MORAL,false,false,false,false,2026-05-10,2026-06-25,2026-2027,semester,2025-05-15,2025-06-30,archived,2026-06-30T12:30:36.288053,manual,false
33,lgu_ncr,normal,Valenzuela City Dr. Pio Valenzuela Scholarship Program,Valenzuela City Government,LGU,Merit-and-Need,https://valenzuela.gov.ph/drpioscholarship,ok,active,"The Dr. Pio Valenzuela Scholarship Program is an intensive LGU merit-need initiative by the Valenzuela City Government. It targets financially challenged but academically elite student residents. Eligible individuals must have spent at least 4 consecutive years in Valenzuela City, graduated Senior High School with a GWA of 85% or higher, and hold zero grades lower than 85% in Grades 11 and 12. Crucially, the total annual household income must not exceed 120,000 PHP. The program awards a financial support grant of 30,000 PHP per year (15,000 PHP per semester) for tuition and school compliance. Portal submissions require uploading digital copies of ITR or Indigency certificates, Form 138/137, and Barangay clearance.",College,NCR,Valenzuela,true,Public|Private,STEM|Engineering|IT|Education|Medical|Business|Agriculture|Arts,All undergraduate degrees,,120000,85.0,,,Indigent Achievers,false,true,2000,true,,30000,FORM_137|BARANGAY_CERT|ITR|BIRTH_CERT,true,true,false,false,2026-06-15,2026-07-31,2026-2027,annual,2025-06-20,2025-08-05,open,2026-06-30T12:30:39.207600,manual,true
34,lgu_ncr,normal,NavotaAs Academic College Scholarship,Navotas City Government,LGU,Merit-based,https://www.navotas.gov.ph,ok,active,"The NavotaAs Academic Scholarship Program is the baseline higher-education track for residents of Navotas City. It supports incoming first-year college students who graduated in the top 25% of their Senior High School class. Eligible applicants must have parents who are registered voters of Navotas. When utilized at the Navotas Polytechnic College (NPC), it yields full tuition exemption plus 22,000 PHP per year for allowances. If the student passes into other prominent universities outside Navotas, the grant upgrades to a merit value of 262,000 PHP per year to handle high tuition. Applications are manually screened by the Navotas Scholarship Secretariat.",College,NCR,Navotas,true,Public|Private,STEM|Engineering|IT|Education|Medical|Business|Agriculture|Arts,All accredited college paths,,400000,88.0,,,Top Academic Quartile,false,true,2200,true,,262000,FORM_137|BARANGAY_CERT|BIRTH_CERT,true,true,false,false,2026-06-01,2026-07-10,2026-2027,annual,2025-06-05,2025-07-15,open,2026-06-30T12:30:41.191222,manual,true
35,archived_reference,normal,Marikina City Medical Scholarship Program,Marikina City Government,LGU,Merit-and-Need,https://www.marikina.gov.ph,,expired,"The Marikina City Medical Scholarship Program is a localized government intervention to support aspiring medical doctors who reside in Marikina City. It covers full tuition and provides educational assistance up to 150,000 PHP per year for students accepted into partner Doctor of Medicine programs (including PLM, FEU-NRMF, UST, MCU, St. Luke's, Our Lady of Fatima University). Applicants must not exceed 30 years of age, must possess a clean record of good moral character, and maintain a household income below 600,000 PHP. Return service dictates that the recipient must practice medicine within the Marikina public healthcare network or city clinics for a duration matching the length of the scholarship.",Graduate,NCR,Marikina,true,Private|Public,Medical,Doctor of Medicine (MD),,600000,85.0,,30,Aspiring Physicians,false,true,4000,true,,150000,TOR|BIRTH_CERT|GOOD_MORAL|ESSAY,true,true,true,true,2026-05-01,2026-06-15,2026-2027,annual,2025-05-10,2025-06-20,archived,2026-06-30T12:30:42.275287,manual,false
36,archived_reference,normal,Cebu City College Scholarship Program,Cebu City Government,LGU,Merit-and-Need,https://www.cebucity.gov.ph,,expired,"The Cebu City College Scholarship Program (CCCSP) targets urban youth residents who graduated from public high schools located specifically within the north and south districts of Cebu City. It provides 10,000 PHP per semester for tuition if the recipient enrolls in accredited private universities, or 2,500 PHP per semester for books and uniform allowances if they enter tuition-free SUCs (like CTU or CNU). Requires a voter's certification from Cebu City and a minimum GWA of 80%. Applications are handled at the Cebu City Sports Complex scholarship secretariat.",College,Region VII - Central Visayas,Cebu City,true,Public|Private,STEM|Engineering|IT|Education|Medical|Business|Agriculture|Arts,All undergraduate programs,,350000,80.0,,,Urban Public High Graduates,false,true,,true,,20000,FORM_137|BARANGAY_CERT|BIRTH_CERT,false,true,false,false,2026-05-15,2026-06-30,2026-2027,annual,2025-05-20,2025-07-05,archived,2026-06-30T12:30:44.346999,manual,false
37,archived_reference,normal,Davao City STEP FA Category B,Davao City Government (EBSU),LGU,Merit-and-Need,https://davaocity.gov.ph,,expired,"Administered by Davao City's EBSU, the STEP Category B serves as the mid-tier merit assistance channel. It requires a baseline GWA of 88% with zero grade deficiencies. It offers a flat grant of 20,000 PHP per semester (40,000 PHP annually) to help cover tuition and computing materials at any CHED-accredited college in Region XI. Candidates must verify local voter status and clear the household income check managed by the local social services office.",College,Region XI - Davao,Davao City,true,Public|Private,STEM|Engineering|IT|Education|Medical|Business|Agriculture|Arts,All accredited college courses,,300000,88.0,,,Middle Class Achievers,false,false,2000,true,,40000,FORM_137|BARANGAY_CERT|ITR,false,true,false,false,2026-05-01,2026-06-15,2026-2027,annual,2025-05-10,2025-06-25,archived,2026-06-30T12:30:45.582214,manual,false
38,archived_reference,normal,Davao City Special Educational Assistance Program for Lumad,Davao City Government (EBSU),LGU,Need,https://davaocity.gov.ph,,expired,"The Special Educational Assistance Program (SEAP) for Lumad is a targeted indigenous equity track run by Davao City EBSU. It is exclusively reserved for college students belonging to the recognized Indigenous Cultural Communities (IPs/Lumad) within ancestral domains of Davao City (such as the Ata, Matigsalug, Maranao, and Kagan tribes). It offers a full living subsidy of 15,000 PHP per semester alongside basic tuition assistance. The academic barrier requires a standard passing mark (75% GWA). Crucially, a formal Tribal Certification from the tribal chieftain and validation from the NCIP local office are mandatory documents.",College|TVET,Region XI - Davao,Davao City,true,Public|Private,STEM|Engineering|IT|Education|Medical|Business|Agriculture|Arts,All courses,,200000,75.0,,,IP,false,false,2000,true,,30000,BARANGAY_CERT|BIRTH_CERT|TOR,false,false,false,false,2026-05-01,2026-06-15,2026-2027,annual,2025-05-10,2025-06-25,archived,2026-06-30T12:30:46.851646,manual,false
39,lgu_provincial,high,Bislig City Collegiate Scholarship Program,Bislig City Government,LGU,Merit-and-Need,https://www.bislig.gov.ph,broken,needs_review,"The Bislig City Scholarship Program (BCSP) is a localized LGU mandate in Caraga Region enacted to finance undergraduate degrees for local youths. Applicants must confirm 3 consecutive years of residency in Bislig City, present a clean barangay record, and maintain a GWA of 82% throughout college. It provides a flat 12,000 PHP annual educational grant to assist with registration expenses. Submissions are queued physically at the Bislig City Higher Education Desk or via their primary LGU landing page.",College,Region XIII - Caraga,Bislig,true,Public|Private,STEM|Engineering|IT|Education|Medical|Business|Agriculture|Arts,All undergraduate tracks,,240000,82.0,,,Provincial Achievers,false,false,,true,,12000,BARANGAY_CERT|TOR|BIRTH_CERT,false,true,false,false,2026-06-01,2026-07-20,2026-2027,annual,2025-06-10,2025-07-25,needs_verification,2026-06-30T12:30:47.903521,manual,true
40,universities,high,Ateneo de Manila University Financial Aid Grant,Ateneo de Manila University,Institutional,Need,https://www.ateneo.edu,broken,needs_review,"The Ateneo de Manila University College Financial Aid Grant is a premium institutional program covering 100%, 75%, 50%, or 25% of tuition and laboratory fees for undergraduate students displaying high academic potential but deep financial need. Administered by the Office of Admission and Aid (OAA), applicants must submit comprehensive household assets records, utility bills, and parents' ITRs. It includes an option for a monthly living allowance of 3,000 PHP and book allowances for absolute 100% grant recipients. Renewal requires an annual review of the family's financial standing and keeping a minimum GWA of 78% (2.0 QPI) with no failing marks. Highly structured and opens annually in September for the subsequent academic year.",College,NCR,,false,Private,STEM|Engineering|IT|Education|Medical|Business|Agriculture|Arts,All ADMU undergraduate courses,,500000,78.0,,,High Need Achievers,false,true,3000,true,,180000,ITR|BARANGAY_CERT|TOR|ESSAY,false,true,true,false,2026-09-01,2026-11-15,2027-2028,annual,2025-09-05,2025-11-20,needs_verification,2026-06-30T12:30:49.030021,manual,true
41,universities,high,Ateneo Directors List Scholarship,Ateneo de Manila University,Institutional,Merit-based,https://www.ateneo.edu,broken,needs_review,"The Director's List Scholarship is extended by the Ateneo OAA to the next tier of top-ranking ACET examinees (top 51-150 nationwide). It grants an annual flat-rate educational stipend of 100,000 PHP directly credited to the recipient's tuition or disbursed as cash allowance across semesters. No financial indicators are used for selection. Recipients must preserve a minimum QPI of 2.50 (83% normalized GWA) and avoid any academic or disciplinary probationary states.",College,,,false,Private,STEM|Engineering|IT|Education|Medical|Business|Agriculture|Arts,All undergraduate majors,,,83.0,,,,false,false,,false,,100000,TOR,true,false,false,false,2026-09-01,2026-11-15,2027-2028,annual,2025-09-05,2025-11-20,needs_verification,2026-06-30T12:30:50.954921,manual,true
42,archived_reference,normal,Ateneo Law School Financial Aid Program,Ateneo Law School,Institutional,Merit-and-Need,https://www.ateneo.edu,,expired,"The Ateneo Law School Financial Aid Program provides tuition assistance grants ranging from 25% to 100% for students enrolled in the Juris Doctor (JD) program at the Rockwell campus. Managed by the ALS Scholarship Committee, awards are heavily based on exceptional undergraduate academic honors, high scores in the Philippine Law School Admission test, and certified financial need. Maintenance requires keeping a minimum yearly weighted average of 82 (passing) and fulfilling service hours within the ALS legal aid clinics or administrative units.",Graduate,NCR,,false,Private,Business,Juris Doctor (JD),,600000,82.0,,,Aspiring Lawyers,false,true,,false,,120000,TOR|ITR|GOOD_MORAL|ESSAY,false,true,true,false,2026-04-01,2026-05-30,2026-2027,annual,2025-04-10,2025-06-02,archived,2026-06-30T12:30:51.928689,manual,false
43,archived_reference,normal,DLSU Star Scholars Program,De La Salle University,Institutional,Merit-based,https://www.dlsu.edu.ph,,expired,"The DLSU Star Scholars Program is an elite academic recruitment track that signs the absolute top scorers of the DLSU College Admission Test (DCAT) nationwide. It waives 100% of all tuition, laboratory, and miscellaneous fees for the entire duration of the program, supplies a monthly cash living stipend of 8,000 PHP, a specialized laptop computer allowance upon entry, and guaranteed faculty mentorship for undergraduate research. Academic retention mandates a strict cumulative GWA of 3.0 out of 4.0 (90% normalized) with zero dropped courses.",College,,,false,Private,STEM|Engineering|IT|Education|Medical|Business|Arts,All undergraduate offerings,,,90.0,,,Elite DCAT Performers,false,true,8000,true,,250000,TOR|GOOD_MORAL,true,true,false,false,2026-05-01,2026-06-30,2026-2027,annual,2025-05-15,2025-07-05,archived,2026-06-30T12:30:52.997155,manual,false
44,archived_reference,normal,DLSU Archer Achievers Scholarship,De La Salle University,Institutional,Merit-based,https://www.dlsu.edu.ph,,expired,"The Archer Achievers Scholarship is automatically extended by DLSU to students who graduate as the absolute valedictorians and salutatorians of top-performing high schools accredited by the university. It automatically confers a 100% tuition waiver for the student's selected undergraduate curriculum. No separate financial files are required, but students must preserve a high semestral GWA of 2.50 out of 4.0 (83% normalized) to sustain the benefit across academic years.",College,,,false,Private,STEM|Engineering|IT|Education|Medical|Business|Arts,All undergraduate tracks,,,83.0,,,High School Valedictorians,false,true,,false,,140000,TOR|GOOD_MORAL,true,false,false,false,2026-05-01,2026-06-30,2026-2027,annual,2025-05-15,2025-07-05,archived,2026-06-30T12:30:54.121773,manual,false
45,universities,normal,UST San Martin de Porres Equity Scholarship,University of Santo Tomas,Institutional,Need,https://manila.ust.edu.ph,ok,active,"The San Martin de Porres Scholarship is UST's foundational equity framework designed for financially marginalized students. Split into internal and external funds, it offers partial to full tuition waivers based on audited household documentation. Eligible candidates must have a GWA of 85% or better and a household annual income below 300,000 PHP. Submissions are processed online through the UST OSA web portal at the start of each academic year.",College,NCR,,false,Private,STEM|Engineering|IT|Education|Medical|Business|Arts,All undergraduate degrees,,300000,85.0,,,Low Income Catholics,false,true,,false,,45000,ITR|BARANGAY_CERT|TOR,false,true,false,false,2026-06-10,2026-07-25,2026-2027,annual,2025-06-15,2025-08-02,open,2026-06-30T12:30:54.956886,manual,true
46,archived_reference,normal,Mindanao State University SASE Academic Scholarship,Mindanao State University System,Institutional,Merit-based,https://www.msumain.edu.ph,,expired,"The Mindanao State University System Academic Scholarship is awarded to incoming undergraduate freshmen who score in the top 5% of the annual MSU System Admission and Scholarship Examination (SASE) across Mindanao. Administered by the MSU Admissions Office, it offers full institutional tuition waivers, free dormitory lodging within the university campus, and a semestral book allowance. Grantees must maintain a GWA of 2.0 (85%) per semester to sustain benefits. This program forms a vital pipeline for students in conflict-affected regions.",College,BARMM|Region IX - Zamboanga Peninsula|Region X - Northern Mindanao|Region XI - Davao|Region XII - Soccsksargen|Region XIII - Caraga,,false,Public,STEM|Engineering|IT|Education|Medical|Business|Agriculture|Arts,All undergraduate tracks,,,85.0,,,Mindanao Youth,false,true,,true,,20000,TOR|GOOD_MORAL,true,false,false,false,2026-03-01,2026-05-15,2026-2027,annual,2025-03-10,2025-05-20,archived,2026-06-30T12:30:56.069545,manual,false
47,archived_reference,normal,Muntinlupa MOST Academic Scholarship,Muntinlupa Scholarship Division,LGU,Merit-based,https://www.muntinlupacity.gov.ph,,expired,"The Muntinlupa Outstanding Students (MOST) Scholarship is an elite academic grant given to the top 10 highest-ranking graduating Senior High School students from every public and private high school operating in Muntinlupa City. Managed by the Muntinlupa Scholarship Division (MSD), it applies strictly to individuals who secure entry into premier State Universities (such as UP Diliman/Los Banos) or top-tier private institutions. It offers absolute tuition coverage up to 100,000 PHP annually, alongside a high monthly stipend of 5,000 PHP. Academic maintenance is strictly tied to a GWA of 1.50 (90%) with zero failures. Applications require certified high school ranking documents and automated validation.",College,NCR,Muntinlupa,true,Public|Private,STEM|Engineering|IT|Education|Medical,Top tier national courses,,500000,90.0,,,Top Valedictorians,false,true,5000,true,,130000,FORM_137|GOOD_MORAL|BIRTH_CERT,true,true,true,false,2026-05-01,2026-06-15,2026-2027,annual,2025-05-05,2025-06-20,archived,2026-06-30T12:31:01.041045,manual,false
48,lgu_ncr,high,Muntinlupa CARES Financial Assistance Program,Muntinlupa Scholarship Division,LGU,Need,https://www.muntinlupacity.gov.ph,broken,needs_review,"The Continuing Assistance for Reintegrating Students (CARES) is a equity-driven financial assistance mechanism for general college residents of Muntinlupa who are enrolled in public SUCs or local community colleges. It requires a baseline GWA of 80% (2.5) with no incomplete or failing grades. It disburses a direct financial support grant of 5,000 PHP per semester to cover transport and digital connectivity needs. Financial status is verified via Barangay Certificate of Indigency or low-income ITR. Registration occurs semestrally via the MSD localized offices.",College,NCR,Muntinlupa,true,Public,STEM|Engineering|IT|Education|Medical|Business|Agriculture|Arts,All standard courses,,200000,80.0,,,Low Income Residents,false,false,1000,false,,10000,BARANGAY_CERT|TOR|4PS_CERT,false,false,false,false,2026-06-01,2026-07-20,2026-2027,semester,2026-01-10,2026-02-25,needs_verification,2026-06-30T12:31:03.985725,manual,true
49,lgu_provincial,normal,Cebu Province CP GIFTS Program,Cebu Provincial Government,LGU,Need,https://www.cebu.gov.ph,ok,active,"The Cebu Province Grants Intended for Tertiary Students (CP-GIFTS) is a massive provincial scholarship initiative under the Office of the Governor. It funds 5,900 concurrent slots for poor but deserving students living across the municipalities and component cities of Cebu Province. Applicants must study at designated SUCs, LUCs, or partner private schools within Cebu and maintain a minimum GWA of 85%. Household income must not cross 200,000 PHP annually. It grants a definitive flat sum of 10,000 PHP per semester for school requirements. A mandatory return component requires executing 160 hours of verified community civic service within the student's home municipality.",College,Region VII - Central Visayas,,true,Public|Private,STEM|Engineering|IT|Education|Medical|Business|Agriculture|Arts,All accredited degrees in Cebu,,200000,85.0,,,Provincial Rural Youth,false,false,,true,,20000,BARANGAY_CERT|TOR|ITR,false,false,false,true,2026-06-01,2026-07-15,2026-2027,annual,2025-06-15,2025-07-30,open,2026-06-30T12:31:06.404111,manual,true
50,lgu_ncr,high,Parañaque City Tertiary Education Financial Assistance Program,Parañaque City Government,LGU,Merit-and-Need,https://www.paranaquecity.gov.ph,broken,needs_review,"The Tertiary Education Financial Assistance Program (TEFAP) is an open-access equity grant run by the Parañaque LGU for resident college students. To fit varying academic profiles, the cash stipend scales directly with academic performance: students maintaining a GWA of 88% and above receive 6,000 PHP per semester, while those with a GWA between 80% and 87% receive 4,000 PHP per semester. Requirements demand 3 years of residency and a parent's voter registration record inside Parañaque. Online registrations are queued via the local city hall portal.",College,NCR,Parañaque,true,Public|Private,STEM|Engineering|IT|Education|Medical|Business|Agriculture|Arts,All undergraduate paths,,300000,80.0,,,General College Residents,false,false,,true,,12000,BARANGAY_CERT|TOR|BIRTH_CERT,false,false,false,false,2026-07-01,2026-08-20,2026-2027,semester,2025-07-10,2025-08-25,needs_verification,2026-06-30T12:31:08.013145,manual,true
51,lgu_provincial,high,Tabuk City College Academic Scholarship,Tabuk City Government,LGU,Need,https://www.tabuk.gov.ph,broken,needs_review,"Established under Tabuk City Ordinance No. 02 Series of 2018, this program supports tertiary students residing in Tabuk City, Kalinga Province (CAR). It targets low-income households with a maximum annual income cap of 120,000 PHP. Students must maintain a passing GWA of 75% with zero dropped classes to remain qualified. It awards a flat-rate cash assistance grant of 4,000 PHP per semester directly paid to students to handle living costs. Applications are reviewed by the Tabuk City Scholarship Committee at the City Youth and Sports Development Office.",College,CAR,Tabuk,true,Public|Private,STEM|Engineering|IT|Education|Medical|Business|Agriculture|Arts,All standard tracks,,120000,75.0,,,IP,false,false,,true,,8000,BARANGAY_CERT|TOR|ITR,false,false,false,false,2026-07-01,2026-08-31,2026-2027,semester,2025-07-05,2025-09-02,needs_verification,2026-06-30T12:31:12.199169,manual,true
52,owwa_dswd_ncip,high,NCIP Educational Assistance Program Degree Track,National Commission on Indigenous Peoples,Government,Need,https://ncip.gov.ph,broken,needs_review,"The National Commission on Indigenous Peoples Educational Assistance Program (NCIP-EAP) Degree Track is a mandated sector-specific government program designed under NCIP Administrative Order No. 5 Series of 2012 and upgraded via AO No. 6 Series of 2023. It aims to extend tertiary educational access to recognized members of Indigenous Cultural Communities (ICCs/IPs) nationwide. Eligible candidates must secure a Certificate of Confirmation (COCO) from the NCIP Provincial/Regional Office confirming tribal identity. The academic bar requires a general passing GWA of 75% with zero dropped modules. It supplies an annual educational subsidy of 10,000 PHP to 20,000 PHP disbursed through regional offices to offset books, uniform, and field research. Highly recurring cycle synchronized with the fiscal year.",College,,,true,Public|Private,STEM|Engineering|IT|Education|Medical|Business|Agriculture|Arts,All undergraduate pathways,,200000,75.0,,,IP,false,false,,true,,20000,BARANGAY_CERT|BIRTH_CERT|TOR,false,false,false,false,2026-06-01,2026-08-15,2026-2027,annual,2025-06-10,2025-08-20,needs_verification,2026-06-30T12:31:14.487683,manual,true
53,owwa_dswd_ncip,high,NCIP Merit Based Scholarship Program,National Commission on Indigenous Peoples,Government,Merit-based,https://ncip.gov.ph,broken,needs_review,"The NCIP Merit-Based Scholarship Program (NCIP-MBS) is a high-tier academic track within the commission reserved for outstanding IP students pursuing competitive national degrees (specifically STEM, Engineering, or Agriculture). Unlike the EAP, the MBS enforces a strict GWA requirement of 85% or higher and puts applicants through a competitive regional examination. It grants an expanded benefit package of 30,000 PHP per year to handle tuition balances or modern learning devices. Administered via the NCIP Bureau of Socio-Economic Literacy and Culture.",College,,,true,Public|Private,STEM|Engineering|Agriculture,STEM and Agriculture tracks,,300000,85.0,,,IP,false,true,,true,,30000,BARANGAY_CERT|TOR|GOOD_MORAL,true,true,false,false,2026-06-01,2026-08-15,2026-2027,annual,2025-06-10,2025-08-20,needs_verification,2026-06-30T12:31:16.675804,manual,true
54,archived_reference,normal,DOH Medical Scholarship and Return Service Program,Department of Health,Government,Merit-and-Need,https://doh.gov.ph,,expired,"The DOH Medical Scholarship and Return Service (MSRS) Program is a major sector-specific government intervention operating under the 'Doktor Para sa Bayan' Act (RA 11509) in partnership with CHED. It funds full medical education (Doctor of Medicine) for qualified Filipino students across certified state and partner private universities. It covers 100% of tuition, laboratory fees, provides a high monthly living allowance of 15,000 PHP, a specialized book/equipment allowance of 20,000 PHP per semester, and basic board exam review subsidies. Eligible applicants must hold a Bachelor's degree with a solid GWA, pass the medical school entrance and NMAT, and prioritize low-income roots or origin from underserved rural towns. Return service requires serving as a public health officer in a government hospital or rural health unit (RHU) for 1 year for every year of scholarship.",Graduate,,,false,Public|Private,Medical,Doctor of Medicine (MD),,600000,85.0,,,Rural Public Health,false,true,15000,true,,250000,TOR|BIRTH_CERT|GOOD_MORAL|ITR|ESSAY,true,true,true,true,2026-05-01,2026-06-30,2026-2027,annual,2025-05-15,2025-07-05,archived,2026-06-30T12:31:17.780959,manual,false
55,other_government,normal,Department of Agriculture ACEF GIAHEP SUC Track,Department of Agriculture,Government,Need,https://da.gov.ph,ok,active,"The Agricultural Competitiveness Enhancement Fund Grants-in-Aid for Higher Education Program (ACEF-GIAHEP) SUC Track is a targeted government financial aid tool managed by the Department of Agriculture in compliance with RA 10848. It extends funding to children of registered small farmers, fisherfolk, and agrarian reform beneficiaries who are enrolled in State Universities and Colleges. It covers educational assistance for specific courses in agriculture, agribusiness, agricultural engineering, and fisheries science. Requires a minimum GWA of 75% and presentation of the parent's RSBSA (Registry System for Basic Sectors in Agriculture) certificate. Disburses a flat rate of 15,000 PHP per semester.",College,,,false,Public,Agriculture|Engineering,Agriculture and Agribusiness,,200000,75.0,,,Farmer/Fisher Dependent,false,true,,true,,30000,BARANGAY_CERT|TOR|BIRTH_CERT,false,false,false,false,2026-06-15,2026-08-15,2026-2027,annual,2025-06-20,2025-08-25,open,2026-06-30T12:31:19.591898,manual,true
56,military_affiliation,high,AFPEBSO DND CHED PASUC Scholarship,Armed Forces of the Philippines (AFPEBSO),Government,Affiliation,https://afpeebso.org,broken,needs_review,"The AFPEBSO DND-CHED-PASUC Scholarship is a special sector-specific inter-agency government program managed by the Armed Forces of the Philippines Educational Benefit System Office. It extends 100% tuition and fee exemptions at any public State University or College (SUC) for the legitimate children and direct dependents of active-duty, retired, or deceased AFP military personnel. Academic requirements mandate a baseline GWA of 80% (2.5) with zero failures. Financial constraints are secondary to the parent's military service record. Portals accept applications annually from May to July.",College,,,true,Public,STEM|Engineering|IT|Education|Medical|Business|Agriculture|Arts,All SUC undergraduate paths,,,80.0,,,Military Dependents,true,true,,false,,15000,BARANGAY_CERT|TOR|BIRTH_CERT,false,true,false,false,2026-05-01,2026-07-15,2026-2027,annual,2025-05-10,2025-07-20,needs_verification,2026-06-30T12:31:21.146367,manual,true
57,owwa_dswd_ncip,normal,DSWD AICS Educational Assistance,Department of Social Welfare and Development,Government,Need,https://www.dswd.gov.ph,ok,active,"The DSWD Assistance to Individuals in Crisis Situation (AICS) Educational Assistance is a specialized cash intervention program designed for students experiencing extreme economic shock, sudden death of a breadwinner, abandonment, or loss of livelihood due to national disasters. Operated directly through the DSWD Crisis Intervention Units (CIU) or Social Welfare Operations Hubs, it provides a one-time cash grant ranging from 1,000 PHP (Elementary), 2,000 PHP (High School), 3,000 PHP (Senior High), to 4,000 PHP (College/TVET) per semester. Selection ignores GWA rankings but strictly requires an active Case Study Report or Certificate of Indigency from the local MSWDO.",Grade 11|Grade 12|College|TVET|Graduate,,,false,Public|Private,STEM|Engineering|IT|Education|Medical|Business|Agriculture|Arts,All educational lines,,150000,,,,Students in Crisis,false,false,,true,,4000,BARANGAY_CERT|BIRTH_CERT|4PS_CERT|TOR,false,false,false,false,2026-01-01,2026-12-31,2026-2027,rolling,2025-01-05,2025-12-28,open,2026-06-30T12:31:22.946738,manual,true
58,archived_reference,normal,Security Bank Foundation State Universities Scholarship,Security Bank Foundation,Private,Merit-and-Need,https://www.securitybank.com,,expired,"The Security Bank Foundation 'Scholars for Better Communities' State Universities Scholarship provides full educational stipends to low-income student leaders enrolled in partner public SUCs (such as UP Diliman, MSU, or regional centers). It provides a high flat allowance of 50,000 PHP per year to cover learning modules, laptops, and transit costs. Applicants must present a GWA of 85% or higher, zero failed subjects, and clear an interview with Security Bank HR personnel. No return service is mandated, but scholars receive priority onboarding for corporate internships.",College,,,false,Public,STEM|Business|IT,Finance Accounting and IT courses,,350000,85.0,,,Low Income Achievers,false,false,,true,,50000,TOR|BIRTH_CERT|GOOD_MORAL|ITR,false,true,false,false,2026-04-15,2026-06-15,2026-2027,annual,2025-04-20,2025-06-25,archived,2026-06-30T12:31:23.825216,manual,false
59,private_foundations,high,Caritas Manila YSLEP Scholarship Program,Caritas Manila,Private,Need,https://www.caritasmanila.org.ph,ok,needs_review,"The Youth Servant Leadership and Education Program (YSLEP) is Caritas Manila's primary church-backed financial aid and leadership development initiative. Operating across Catholic dioceses nationwide, it supports poor and marginalized college and TVET students. It pays partial tuition up to 25,000 PHP per year and distributes a modest monthly allowance. Distinctively, selection prioritizes urban-slum families, 4Ps members, and indigenous youth. Recipients must join monthly leadership seminars, church volunteer hours, and community organizing programs. Academic criteria require a baseline 80% GWA with zero failures.",College|TVET,,,false,Public|Private,STEM|Engineering|IT|Education|Medical|Business|Agriculture|Arts,All approved courses,,180000,80.0,,,4Ps/Listahanan|Urban Slum Youth,false,true,1000,true,,35000,BARANGAY_CERT|4PS_CERT|TOR|BIRTH_CERT,false,true,false,true,2026-05-01,2026-07-15,2026-2027,annual,2025-05-10,2025-07-20,needs_verification,2026-06-30T12:31:24.721145,manual,true
60,archived_reference,normal,Taiwan ICDF Higher Education Scholarship Program,Taiwan International Cooperation and Development Fund,Government,Merit-based,https://www.icdf.org.tw,,expired,"The Taiwan ICDF Higher Education Scholarship Program is a full international bilateral grant offered to Filipino citizens for Master's or Doctoral programs at partner Taiwanese universities. It provides full tuition coverage, modern campus housing, comprehensive health insurance, and a monthly stipend of 18,000 TWD (Master's) or 20,000 TWD (PhD) (approximately 32,000 to 36,000 PHP). Focus areas are restricted to STEM, tropical agriculture, and electronic engineering. Requires an undergraduate GWA of 85% or better and an interview by the Taipei Economic and Cultural Office (TECO) in Manila.",Graduate,,,false,Public|Private,STEM|Engineering|Agriculture,STEM and Tropical Agriculture fields,,,85.0,,,Advanced Tech Researchers,false,true,35000,true,,900000,TOR|BIRTH_CERT|GOOD_MORAL|ESSAY,false,true,true,false,2026-01-01,2026-03-15,2026-2027,annual,2025-01-05,2025-03-15,archived,2026-06-30T12:31:33.743661,manual,false
61,megaworld_foundation,normal,Megaworld Foundation Scholarship Program,Megaworld Foundation,Private,Merit-and-Need,https://www.megaworldfoundation.com,ok,active,"The Megaworld Foundation Scholarship Program is a high-impact mid-market corporate financial assistance framework that funds full undergraduate degrees for underprivileged youths across partner universities in Metro Manila and key regions. It covers 100% of actual tuition and institutional fees, and issues a monthly stipend of 2,500 PHP. Eligible candidates must maintain a GWA of 85% (2.0) with zero dropped subjects and possess a total combined annual household income not exceeding 400,000 PHP. Applications are routed through the Megaworld online portal, requiring an essay on community development and an executive interview.",College,NCR|Region III - Central Luzon|Region IV-A - Calabarzon|Region VI - Western Visayas|Region VII - Central Visayas,,false,Public|Private,STEM|Engineering|IT|Business|Arts,Engineering Architecture and Tech,,400000,85.0,,,Underprivileged Youth,false,true,2500,false,,120000,ITR|BARANGAY_CERT|TOR|ESSAY,false,true,true,false,2026-05-15,2026-07-15,2026-2027,annual,2025-05-20,2025-07-22,open,2026-06-30T12:31:37.007309,manual,true
62,military_affiliation,normal,AFPSLAI Educational Grant Program,Armed Forces of the Philippines (AFPSLAI),Private,Affiliation,https://www.afpslai.com.ph,timeout,active,"The AFPSLAI Educational Grant Program (EGP) is an affiliation-based financial assistance platform run by the Armed Forces and Police Savings and Loan Association, Inc. It caters to the children and dependents of active or retired military personnel, PNP officers, and uniformed service members who are registered members of AFPSLAI. It delivers a comprehensive flat financial subsidy of 25,000 PHP per semester (50,000 PHP annually) directly to the student to offset undergraduate expenses. Candidates must post a minimum GWA of 85% and possess a clean disciplinary record. Submissions clear through AFPSLAI regional branch hubs.",College,,,false,Public|Private,STEM|Engineering|IT|Education|Medical|Business|Agriculture|Arts,All undergraduate tracks,,500000,85.0,,,Uniformed Service Dependents,true,false,,true,,50000,TOR|BIRTH_CERT|GOOD_MORAL,false,false,false,false,2026-05-15,2026-07-10,2026-2027,annual,2025-05-20,2025-07-15,open,2026-06-30T12:31:58.332736,manual,true
63,international,normal,Erasmus Mundus Joint Masters Scholarship,European Union,Government,Merit-based,https://erasmus-plus.ec.europa.eu,ok,active,"The Erasmus Mundus Joint Masters Scholarship is a highly prestigious international bilateral program funded by the European Union for outstanding Filipino college graduates. It covers 100% of international tuition fees, laboratory charges, global travel costs, visa fees, and delivers a premium monthly living allowance of 1,400 EUR (approximately 88,000 PHP) for the entire 2-year graduate duration. Recipients study in at least three distinct European universities across different EU nations. It requires an elite undergraduate academic record (GWA 90% or equivalent), a comprehensive statement of purpose, academic essays, and dual letters of recommendation. Portals open annually in October.",Graduate,,,false,Private|Public,STEM|Engineering|IT|Education|Medical|Business|Agriculture|Arts,All approved European joint master tracks,,,90.0,,,Filipino Global Scholars,false,true,88000,true,,2200000,TOR|BIRTH_CERT|GOOD_MORAL|ESSAY,false,true,true,false,2026-10-01,2027-01-15,2027-2028,annual,2025-10-05,2026-01-20,open,2026-06-30T12:32:00.383865,manual,true
64,archived_reference,normal,Global Korea Scholarship (GKS) Graduate,NIIED,Government,Merit-based,https://www.studyinkorea.go.kr,,expired,"South Korean government scholarship for master's and doctoral degrees including mandatory one-year Korean language training. Provides round-trip airfare, tuition, living allowance, and health insurance. Embassy Track allows applying to up to three universities; applicants must be under 40.",Graduate,,,false,Public|Private,,,,,,,40,,false,true,,false,,,TOR|ESSAY|BIRTH_CERT,false,true,true,true,2026-02-12,2026-02-25,2026-2027,annual,2026-02-12,2026-02-25,archived,2026-06-30T13:52:48.552674,manual,false
65,archived_reference,normal,Global Korea Scholarship (GKS) Undergraduate,NIIED,Government,Merit-based,https://www.studyinkorea.go.kr,,expired,"South Korean government scholarship for undergraduate bachelor's degrees in Korea. Fully funded including airfare, tuition, living allowance, and health insurance with mandatory Korean language training. Embassy Track application cycle typically opens in September.",College,,,false,Public|Private,,,,,,,,,false,true,,false,,,FORM_137|BIRTH_CERT|GOOD_MORAL|ESSAY,false,true,true,true,2025-09-15,2025-09-30,2026-2027,annual,2025-09-15,2025-09-30,archived,2026-06-30T13:52:51.770088,manual,false
66,archived_reference,normal,CHED-UniFAST Tertiary Education Subsidy (TES),UniFAST / CHED,Government,Need,https://tes.unifast.gov.ph,,active,"National need-based tertiary education subsidy administered through HEIs via the UniFAST portal. Targets underprivileged and 4Ps/Listahanan students enrolled in CHED-recognized programs. Provides allowance for tuition gaps, books, and living expenses based on prioritization guidelines.",College,,,false,Public|Private,,,,,,,,4Ps/Listahanan|Underprivileged,false,true,,true,,,TOR|4PS_CERT|BIRTH_CERT,false,false,false,false,,,2026-2027,annual,,,archived,2026-06-30T13:52:53.243308,manual,false
67,archived_reference,normal,TESDA Private Education Student Financial Assistance,TESDA,Government,Need,https://www.tesda.gov.ph,,active,TESDA-administered financial assistance for students in private TVET institutions. Rolling applications processed through regional and provincial TESDA offices. Targets underprivileged learners pursuing technical-vocational education and training programs.,TVET,,,false,Private,,,,,,,,Underprivileged,false,true,,false,,,BIRTH_CERT|FORM_137|BARANGAY_CERT,false,false,false,false,,,2026-2027,rolling,,,archived,2026-06-30T13:52:54.672890,manual,false
68,archived_reference,normal,PUP Entrance Scholarship Program,PUP,Institutional,Merit-based,https://www.pup.edu.ph/students/scholarships,,active,"Institutional merit scholarship for exemplary incoming PUP freshmen who qualify through the university entrance examination. Targets high-performing qualifiers with financial need considerations including PWD, IP, and solo parent dependents.",College,,,false,Public,,,,,,,,IP|PWD|Solo Parent Dependent|Underprivileged,false,true,,false,,,FORM_137|BIRTH_CERT|GOOD_MORAL,true,false,false,false,,,2026-2027,annual,,,archived,2026-06-30T13:52:55.918915,manual,false
69,universities,normal,PUP Student Assistantship Program,PUP,Institutional,Need,https://www.pup.edu.ph/students/scholarships,ok,active,Need-based student assistantship managed by the PUP student services office with rolling applications each semester. Provides work-study opportunities on campus to help enrolled students cover educational expenses.,College,,,false,Public,,,,,,,,,false,false,,false,,,TOR|BIRTH_CERT,false,true,false,false,,,2026-2027,semester,,,open,2026-06-30T13:52:56.598537,manual,true
70,archived_reference,normal,UP College of Law Scholarship Program,UP College of Law,Institutional,Merit-and-Need,https://law.upd.edu.ph/call-for-scholarship-applications-ay-2025-2026/,,expired,"Institutional merit-and-need scholarship for UP College of Law students. Targets underprivileged, PWD, and IP law students with demonstrated financial need and academic standing. Highly recurring annual grant administered by the law college.",Graduate,,,false,Public,,Law,,,,,,IP|PWD|Underprivileged,false,true,,false,,,TOR|ITR|ESSAY|GOOD_MORAL,false,true,true,false,2025-06-30,2025-07-20,2025-2026,annual,2025-06-30,2025-07-20,archived,2026-06-30T13:52:57.289828,manual,false
71,private_foundations,high,Security Bank External Scholarship Program,Security Bank Foundation,Private,Merit-and-Need,https://www.securitybank.com/agency-scholarships-program-dnd/,broken,needs_review,"Private corporate scholarship for college students in NCR pursuing business, STEM, engineering, and IT fields. Requires minimum 86% GWA. Active program with partner university deadlines including PUP and Ateneo through July 31, 2026.",College,NCR,,false,Public|Private,Business|STEM|Engineering|IT,,,,86.0,,,,false,true,,false,,,TOR|GOOD_MORAL|BIRTH_CERT,false,true,false,false,2026-05-23,2026-07-31,2026-2027,annual,,,needs_verification,2026-06-30T13:52:57.907216,manual,true
72,archived_reference,normal,Gokongwei Brothers Foundation STEM-College Scholarship,Gokongwei Brothers Foundation,Private,Merit-and-Need,https://philscholar.com/gbf-stem-college-scholarship/,,expired,"Annual corporate STEM scholarship for college students in engineering, IT, and related science fields. Covers tuition and provides allowances for scholars demonstrating academic merit and financial need. Annual cycle closed May 31, 2026 for current intake.",College,,,false,Public|Private,STEM|Engineering|IT,,,,,,,,false,true,,false,,,TOR|FORM_137|BIRTH_CERT|GOOD_MORAL,false,true,false,false,2026-04-07,2026-05-31,2026-2027,annual,2026-04-07,2026-05-31,archived,2026-06-30T13:52:58.616590,manual,false
73,archived_reference,normal,DOST-SEI Undergraduate Scholarships (RA 7687 / Merit),DOST-SEI,Government,Merit-and-Need,https://www.science-scholarships.ph/,,expired,"Premier national science scholarship for four- or five-year baccalaureate degrees in science and technology. RA 7687 targets underprivileged students; Merit track is open regardless of income. Benefits include tuition up to 40000 PHP per year, 8000 PHP monthly living allowance, and 10000 PHP annual learning materials allowance.",College,,,false,Public|Private,STEM|Engineering|IT|Medical|Agriculture,,,,,,,Underprivileged,false,true,8000,true,,106000,FORM_137|BIRTH_CERT|GOOD_MORAL|ITR,true,true,false,true,2025-10-13,2025-11-22,2026-2027,annual,2025-10-13,2025-11-22,archived,2026-06-30T13:53:01.555298,manual,false
74,archived_reference,normal,Australia Awards Scholarships (Philippines),Australian Government,Government,Merit-based,https://www.australiaawardsphilippines.org/scholarships,,expired,"Fully funded master's degrees at Australian universities for Filipino citizens with at least 12 months Philippine residency and two years cumulative work experience. Covers tuition, return air travel, establishment allowance, living expenses, and health insurance. Requires a Re-Entry Action Plan for development work upon return.",Graduate,,,false,Public|Private,STEM|Agriculture|IT|Business|Education|Arts,,,,,,,,false,true,,false,,,TOR|ESSAY|BIRTH_CERT,false,true,true,true,2026-02-01,2026-04-30,2027-2028,annual,2026-02-01,2026-04-30,archived,2026-06-30T13:53:03.614799,manual,false
75,private_foundations,normal,Aboitiz Future Leaders Scholarship Program,Aboitiz Foundation,Private,Merit-and-Need,https://aboitiz.com/aboitiz-foundation/aboitiz-future-leaders-scholarship,ok,expired,"Corporate scholarship for incoming sophomore students enrolled in partner state universities in engineering, data science, communications, and related fields. Covers full tuition, monthly allowance, and academic excellence incentives. Requires cumulative first-year GWA of 2.0 or better on the UP scale with no failing or incomplete grades, plus a mandatory 400-hour internship within Aboitiz Group business units.",College,,,false,Public,STEM|Engineering|IT|Business|Agriculture|Arts,,,,75.0,,,,false,true,,false,,,TOR|GOOD_MORAL|ESSAY,false,true,true,false,2026-04-28,2026-06-30,2026-2027,annual,,,previous_cycle,2026-06-30T13:53:04.557022,manual,true
76,ched_unifast,high,Bagong Pilipinas Merit Scholarship Program (BPMSP) - Higher Education Track,Commission on Higher Education,Government,Merit-based,https://bpms.ched.gov.ph/,broken,broken_link,National merit scholarship for incoming college freshmen under the Bagong Pilipinas framework. SUC scholars receive full tuition; private HEI scholars receive up to 45000 PHP annually for tuition and fees plus a 45000 PHP annual stipend. Requires minimum 95% SHS GWA or top-five batch ranking and combined household income up to 2000000 PHP per year.,College,,,false,Public|Private,STEM|Agriculture|Medical|IT|Education,,,2000000,95.0,,,IP|PWD|Solo Parent Dependent|Underprivileged,false,true,,false,,90000,FORM_137|TOR|ITR|BIRTH_CERT|GOOD_MORAL,false,false,false,true,2026-04-30,2026-06-30,2026-2027,annual,,,previous_cycle,2026-06-30T13:53:05.358718,manual,true
77,tesda,high,Bagong Pilipinas Merit Scholarship Program (BPMSP) - TVET Track,Technical Education and Skills Development Authority,Government,Merit-based,https://bpms.ched.gov.ph/,broken,broken_link,TVET diploma track under the joint CHED-DepEd-TESDA Bagong Pilipinas Merit Scholarship Program. Targets priority diploma programs with minimum 90% GWA and combined household income up to 2000000 PHP. Includes mandatory return-of-service of one year in the Philippines for every year of funding.,TVET,,,false,Public|Private,,,,2000000,90.0,,,IP|PWD|Solo Parent Dependent|Underprivileged,false,true,,false,,,FORM_137|TOR|ITR|BIRTH_CERT|GOOD_MORAL,false,false,false,true,2026-04-30,2026-06-30,2026-2027,annual,,,previous_cycle,2026-06-30T13:53:06.333322,manual,true
78,gsis_sss,high,GSIS Subsidy for STEM Program (GSSP),Government Service Insurance System,Government,Merit-and-Need,https://www.gsis.gov.ph,timeout,needs_review,"New STEM-focused subsidy for children of active GSIS members and permanent total disability pensioners under 60. Supports CHED-recognized STEM degree programs for college freshmen with minimum 90% SHS GWA. Provides 15000 PHP annual subsidy per scholar, prioritizing parents in Salary Grade 15 and below.",College,,,false,Public|Private,STEM|Engineering|IT|Medical,,,,90.0,,,IP|PWD|Solo Parent Dependent,false,false,,false,,15000,BIRTH_CERT|FORM_137|TOR,false,false,false,false,2026-06-30,,2026-2027,annual,,,needs_verification,2026-06-30T13:53:07.174548,manual,true
79,archived_reference,normal,DOST-SEI Junior Level Science Scholarship (JLSS),DOST-SEI,Government,Merit-based,https://www.science-scholarships.ph/,,expired,"Scholarship for incoming third-year college students pursuing science and technology degrees. Requires strong university GWA and completion of the first two years of a four- or five-year STEM program. Provides tuition, monthly living allowance, and learning materials support similar to the undergraduate program.",College,,,false,Public|Private,STEM|Engineering|IT|Medical|Agriculture,,,,,,,,false,true,8000,true,,106000,TOR|BIRTH_CERT|GOOD_MORAL,true,true,false,true,2026-04-13,2026-05-15,2026-2027,annual,2026-04-13,2026-05-15,archived,2026-06-30T13:53:10.759543,manual,false
80,archived_reference,normal,MEXT Scholarship - Research Category,JICC / Embassy of Japan,Government,Merit-based,https://www.ph.emb-japan.go.jp/itpr_en/00_000193.html,,expired,"Japanese Government MEXT scholarship for Filipino college graduates pursuing master's or doctoral degrees in Japan. Requires a feasible research proposal in humanities, social sciences, or natural sciences. Provides tuition, monthly stipend, regional allowance, and roundtrip airfare. Applicants must be under 35 years old.",Graduate,,,false,Public|Private,,,,,,,35,,false,true,,false,,,TOR|BIRTH_CERT|ESSAY,false,true,true,true,2026-04-22,2026-05-29,2027-2028,annual,2026-04-22,2026-05-29,archived,2026-06-30T13:53:12.132770,manual,false
81,archived_reference,normal,MEXT Scholarship - Undergraduate Track,JICC / Embassy of Japan,Government,Merit-based,https://www.ph.emb-japan.go.jp/itpr_en/00_000193.html,,expired,"Japanese Government MEXT scholarship for high school graduates pursuing undergraduate degrees in Japan. Open to applicants under 25 with strong academic records. Covers tuition, monthly stipend, and roundtrip travel for full degree study in Japan.",College,,,false,Public|Private,,,,,,,25,,false,true,,false,,,FORM_137|BIRTH_CERT|GOOD_MORAL,false,true,true,true,2026-04-22,2026-05-29,2027-2028,annual,2026-04-22,2026-05-29,archived,2026-06-30T13:53:13.639858,manual,false
82,archived_reference,normal,MEXT Scholarship - Specialized Training Track,JICC / Embassy of Japan,Government,Merit-based,https://www.ph.emb-japan.go.jp/itpr_en/00_000193.html,,expired,"Japanese Government MEXT scholarship for vocational and specialized training programs in Japan. Targets high school graduates under 25 seeking technical skills development. Provides tuition, stipend, and travel support for designated training courses.",TVET,,,false,Public|Private,,,,,,,25,,false,true,,false,,,FORM_137|BIRTH_CERT|GOOD_MORAL,false,true,true,true,2026-04-22,2026-05-29,2027-2028,annual,2026-04-22,2026-05-29,archived,2026-06-30T13:53:14.735620,manual,false
83,archived_reference,normal,MEXT Scholarship - College of Technology (KOSEN),JICC / Embassy of Japan,Government,Merit-based,https://www.ph.emb-japan.go.jp/itpr_en/00_000193.html,,expired,"Japanese Government MEXT scholarship for the College of Technology (KOSEN) five-year engineering program in Japan. Combines college and TVET-level technical training for high school graduates under 25. Covers tuition, stipend, and roundtrip airfare.",College|TVET,,,false,Public|Private,,,,,,,25,,false,true,,false,,,FORM_137|BIRTH_CERT|GOOD_MORAL,false,true,true,true,2026-04-22,2026-05-29,2027-2028,annual,2026-04-22,2026-05-29,archived,2026-06-30T13:53:15.385160,manual,false
84,archived_reference,normal,GSIS Educational Subsidy Program (GESP),Government Service Insurance System,Government,Need,https://www.gsis.gov.ph,,active,Flat-rate educational grant of 10000 PHP for dependents of active GSIS members and permanent total disability pensioners. Open to all college courses without STEM restriction. Historically offered as a broad welfare benefit before the launch of the STEM-specific GSSP.,College,,,false,Public|Private,,,,,,,,,false,false,,false,,10000,BIRTH_CERT|TOR,false,false,false,false,,,2026-2027,annual,,,archived,2026-06-30T13:53:16.011517,manual,false
85,archived_reference,normal,OWWA Education for Development Scholarship (EDSP),Overseas Workers Welfare Administration,Government,Merit-based,https://scholarship.owwa.gov.ph/,,expired,"Competitive scholarship for high-performing dependents of active OWWA members. Freshmen must be single, under 21, with SHS GWA of at least 80% and must pass the DOST-SEI qualifying exam. Provides up to 60000 PHP per school year for any four- or five-year baccalaureate course.",College,,,false,Public|Private,,,,,80.0,,21,OFW Dependent,false,false,,false,,60000,BIRTH_CERT|FORM_137|TOR|GOOD_MORAL,true,false,false,false,2025-11-10,2025-11-28,2026-2027,annual,2025-11-10,2025-11-28,archived,2026-06-30T13:53:16.599127,manual,false
86,archived_reference,normal,OWWA OFW Dependent Scholarship Program (ODSP),Overseas Workers Welfare Administration,Government,Need,https://scholarship.owwa.gov.ph/,,active,Need-based scholarship for dependents of active OWWA members whose monthly salary does not exceed USD 600. Provides 20000 PHP per school year for baccalaureate or associate courses. Requires minimum 80% GWA for continuing eligibility.,College,,,false,Public|Private,,,,,80.0,,,OFW Dependent,false,false,,false,,20000,BIRTH_CERT|FORM_137|ITR,false,false,false,false,,,2026-2027,annual,,,archived,2026-06-30T13:53:17.818034,manual,false
87,archived_reference,normal,OWWA Congressional Migrant Workers Scholarship (CMWSP),Overseas Workers Welfare Administration,Government,Merit-and-Need,https://scholarship.owwa.gov.ph/,,expired,Congressional-funded scholarship for active OWWA members or dependents with combined household income of USD 2400 or less per year. Restricted to prioritized science and technology courses. Provides up to 60000 PHP per academic year with minimum 80% GWA requirement.,College,,,false,Public|Private,STEM|Engineering|IT|Medical|Agriculture,,,,80.0,,,OFW Dependent,false,false,,false,,60000,BIRTH_CERT|FORM_137|TOR|ITR,false,false,false,false,2025-11-10,2025-11-28,2026-2027,annual,2025-11-10,2025-11-28,archived,2026-06-30T13:53:18.749336,manual,false
88,archived_reference,normal,Quezon City Scholarship Program (QCSP),Quezon City Government,LGU,Need,https://qceservices.quezoncity.gov.ph,,expired,"City-wide LGU scholarship covering senior high school, vocational, college, and postgraduate students who are Quezon City residents with verified QCitizen ID. Directs 70% of tertiary slots to low-income and marginalized sectors. Supported 9377 active scholars in the most recent cycle.",High School|College|TVET|Graduate,NCR,Quezon City,true,Public|Private,,,,,,,,4Ps/Listahanan|PWD|Underprivileged,false,true,,false,,,BARANGAY_CERT|BIRTH_CERT|TOR|4PS_CERT,false,false,false,false,2026-05-25,2026-06-05,2026-2027,annual,2026-05-25,2026-06-05,archived,2026-06-30T13:53:19.760119,manual,false
89,archived_reference,normal,Manuel L. Quezon Filipino Language and Literature Scholarship Program,Quezon City Government,LGU,Merit-based,https://qceservices.quezoncity.gov.ph,,expired,"Specialized Quezon City LGU humanities scholarship for college students, researchers, and educators pursuing Filipino language and literature. Requires QC residency and QCitizen verification. Counterpart to STEM-focused national programs, preserving cultural capital.",College|Graduate,NCR,Quezon City,true,Public|Private,Arts,Filipino Language and Literature,,,,,,,false,true,,false,,,BARANGAY_CERT|BIRTH_CERT|TOR|ESSAY,false,true,true,false,2026-05-25,2026-06-05,2026-2027,annual,2026-05-25,2026-06-05,archived,2026-06-30T13:53:21.949404,manual,false
90,archived_reference,normal,Fulbright-PhilSA Graduate Program,PAEF / PhilSA,Government,Merit-based,https://apply.iie.org/ffsp2027,,expired,"Bi-national Fulbright-Philippine Space Agency program financing master's and doctoral degrees in the United States in space science and technology applications. Fully funded including tuition, travel, maintenance, and health insurance. Requires relevant college degree, two years post-college work experience, and return-to-Philippines service obligation.",Graduate,,,false,Public|Private,STEM|Engineering|IT,Space Science and Technology Applications,,,,,,,false,true,,false,,,TOR|ESSAY|BIRTH_CERT,false,true,true,true,,2026-06-19,2027-2028,annual,,2026-06-19,archived,2026-06-30T13:53:23.927551,manual,false
91,international,normal,Chevening Scholarship,FCDO / UK Government,Government,Merit-based,https://www.chevening.org/apply,ok,active,"UK Government fully funded one-year master's program in the United Kingdom. Highly competitive global selection based on leadership, networking, career plan, and study proposal. Requires at least 2800 hours of post-graduation work experience and two-year return commitment to the Philippines after completion.",Graduate,,,false,Public|Private,,,,,,,,,false,true,,false,,,TOR|ESSAY|BIRTH_CERT,false,true,true,true,2026-08-05,2026-10-07,2027-2028,annual,,,open,2026-06-30T13:53:24.921553,manual,true
