id,title,provider,org,provider_type,scholarship_type,link,deadline,deadline_precision,application_status,editorial_state,is_active,levels,regions,max_income,min_gwa,tuition,allowance_mo,total_value,return_svc,cycle_type,last_verified,confidence_score,completeness
56,AFPEBSO DND CHED PASUC Scholarship,Armed Forces of the Philippines (AFPEBSO),Armed Forces of the Philippines (AFPEBSO),Government,Affiliation,https://www.afp.mil.ph,,exact,needs_verification,needs_review,True,"[""College""]",[],,80,True,,15000,False,annual,2026-08-03,0.06,6
74,Australia Awards Scholarships (Philippines),Australian Government,Australian Government,Government,Merit-based,https://www.australiaawardsphilippines.org/,,exact,needs_verification,needs_review,True,"[""Graduate""]",[],,,True,,,True,annual,2026-08-03,0.06,6
76,Bagong Pilipinas Merit Scholarship Program (BPMSP) - Higher Education Track,Commission on Higher Education,Commission on Higher Education,Government,Merit-based,https://bpms.ched.gov.ph/,,exact,needs_verification,needs_review,True,"[""College""]",[],2000000,95,True,,90000,True,annual,2026-07-09,0,0
54,CHED Medical Scholarship and Return Service (MSRS),Commission on Higher Education,Department of Health,Government,Merit-and-Need,https://legacy.ched.gov.ph/msrs/,,exact,needs_verification,needs_review,True,"[""Graduate""]",[],600000,85,True,15000,250000,True,annual,2026-06-30,0.36,36
1,CHED Merit Scholarship Program,Commission on Higher Education (CHED),Commission on Higher Education (CHED),Government,Merit-and-Need,https://legacy.ched.gov.ph/merit-scholarship/,,estimated,open,published,True,"[""College""]",[],500000,93,True,,120000,False,annual,2026-07-09,0.43,43
119,CHED Scholarship Program for Future Statisticians (Estatistikolar),Commission on Higher Education (CHED),Commission on Higher Education (CHED),Government,Merit-and-Need,https://legacy.ched.gov.ph/estatistikolar/,,,needs_verification,needs_review,True,"[""College""]",[],500000,80,True,,120000,False,annual,2026-08-01,0.28,28
118,Scholarship Grant Program for Children and Dependents of Sugarcane Industry Workers and Small Sugarcane Farmers (SIDA-SGP),Commission on Higher Education (CHED),Commission on Higher Education (CHED),Government,Need,https://legacy.ched.gov.ph/sida-sgp/,,,needs_verification,needs_review,True,"[""College"", ""Graduate""]",[],400000,,False,,110000,True,annual,2026-08-01,0.28,28
117,Scholarship Program for Coconut Farmers and their Families (CoScho),Commission on Higher Education (CHED),Commission on Higher Education (CHED),Government,Need,https://legacy.ched.gov.ph/coscho/,,,needs_verification,needs_review,True,"[""College""]",[],300000,80,True,,70000,True,annual,2026-08-01,0.28,28
120,Scholarships for Instructors' Knowledge Advancement Program (SIKAP),Commission on Higher Education (CHED),Commission on Higher Education (CHED),Government,Merit-based,https://sikap.ched.gov.ph/,,,needs_verification,needs_review,True,"[""Graduate"", ""Faculty""]",[],,,True,,,True,annual,2026-08-01,0.22,22
55,Department of Agriculture ACEF GIAHEP SUC Track,Department of Agriculture,Department of Agriculture,Government,Need,https://da.gov.ph,2026-08-15,exact,needs_verification,needs_review,True,"[""College""]",[],200000,75,True,,30000,False,annual,,0.75,75
17,DepEd SHS Voucher Program,Department of Education,Department of Education,Government,Need,https://deped.gov.ph,,estimated,needs_verification,needs_review,True,"[""High School""]",[],500000,75,True,0,25000,False,,2026-07-26,0,0
133,Accelerated Science and Technology Human Resource Development Program (ASTHRDP),Department of Science and Technology - Science Education Institute (DOST-SEI),Department of Science and Technology - Science Education Institute (DOST-SEI),Government,Merit-based,https://asthrdp.science-scholarships.ph/,,not_announced,open,published,True,"[""Graduate""]",,,,False,,,False,semester,2026-08-03,0.05,5
135,Capacity Building Program in Science and Mathematics Education (CBPSME),Department of Science and Technology - Science Education Institute (DOST-SEI),Department of Science and Technology - Science Education Institute (DOST-SEI),Government,Merit-based,https://cbpsme.science-scholarships.ph/,,not_announced,open,published,True,"[""Graduate""]",,,,False,,,False,semester,2026-08-03,0.05,5
121,DOST-SEI Junior Level Science Scholarship — Merit Track,Department of Science and Technology - Science Education Institute (DOST-SEI),Department of Science and Technology - Science Education Institute (DOST-SEI),Government,Merit-based,https://jlss.science-scholarships.ph/,,,needs_verification,needs_review,True,"[""College""]",[],,83,True,,40000,True,annual,2026-08-01,0.22,22
123,DOST-SEI Junior Level Science Scholarship — RA 10612 Track,Department of Science and Technology - Science Education Institute (DOST-SEI),Department of Science and Technology - Science Education Institute (DOST-SEI),Government,Merit-based,https://jlss.science-scholarships.ph/,,,needs_verification,needs_review,True,"[""College""]",[],,83,False,,,True,annual,2026-08-01,0.22,22
122,DOST-SEI Junior Level Science Scholarship — RA 7687 Track,Department of Science and Technology - Science Education Institute (DOST-SEI),Department of Science and Technology - Science Education Institute (DOST-SEI),Government,Need,https://jlss.science-scholarships.ph/,,,needs_verification,needs_review,True,"[""College""]",[],,83,False,,,True,annual,2026-08-01,0.22,22
134,Engineering Research and Development for Technology (ERDT),Department of Science and Technology - Science Education Institute (DOST-SEI),Department of Science and Technology - Science Education Institute (DOST-SEI),Government,Merit-based,https://erdt.science-scholarships.ph/,,not_announced,open,published,True,"[""Graduate""]",,,,False,,,False,semester,2026-08-03,0.05,5
136,Science and Technology Education for Regional Development (STRAND),Department of Science and Technology - Science Education Institute (DOST-SEI),Department of Science and Technology - Science Education Institute (DOST-SEI),Government,Merit-based,https://www.science-scholarships.ph/,,not_announced,open,published,True,"[""Graduate""]",,,,False,,,False,semester,2026-08-03,0.05,5
3,DOST-SEI Graduate Scholarship Programs (ASTHRDP/CBPSME/ERDT/STRAND),Department of Science and Technology - SEI,Department of Science and Technology - SEI,Government,Merit-and-Need,https://www.science-scholarships.ph/,,estimated,needs_verification,needs_review,True,"[""Graduate""]",[],500000,88,True,15000,200000,True,semester/term (varies by university),2026-07-09,0.12,12
57,DSWD AICS Educational Assistance,Department of Social Welfare and Development,Department of Social Welfare and Development,Government,Need,https://www.dswd.gov.ph,2026-12-31,exact,needs_verification,needs_review,True,"[""Grade 11"", ""Grade 12"", ""College"", ""TVET"", ""Graduate""]",[],150000,,False,,4000,False,rolling,2026-06-30,0.83,83
130,DOST-SEI Junior Level Science Scholarship (JLSS),DOST-SEI,DOST-SEI,Government,Merit-based,https://www.science-scholarships.ph/,,,archived,archived,False,"[""College""]",[],,,True,8000,106000,True,annual,2026-08-01,0.72,72
73,DOST-SEI Undergraduate Scholarships (RA 7687 / Merit),DOST-SEI,DOST-SEI,Government,Merit-and-Need,https://www.science-scholarships.ph/,,exact,open,published,True,"[""College""]",[],400000,92,True,8000,106000,True,annual,2026-07-26,0.13,13
20,ERC Graduate Fellowship,Energy Regulatory Commission,Energy Regulatory Commission,Government,Merit-and-Need,https://erc.gov.ph,,estimated,needs_verification,needs_review,True,"[""Graduate""]","[""NCR""]",500000,88,True,12000,150000,False,,2026-07-08,0.75,75
63,Erasmus Mundus Joint Masters Scholarship,European Union,European Union,Government,Merit-based,https://erasmus-plus.ec.europa.eu,2027-01-15,exact,needs_verification,needs_review,True,"[""Graduate""]",[],,90,True,88000,2200000,False,annual,,0.7,70
91,Chevening Scholarship,FCDO / UK Government,FCDO / UK Government,Government,Merit-based,https://www.chevening.org/apply,2026-10-07,exact,needs_verification,needs_review,True,"[""Graduate""]",[],,,True,,,True,annual,,0.65,65
84,GSIS Educational Subsidy Program (GESP),Government Service Insurance System,Government Service Insurance System,Government,Need,https://www.gsis.gov.ph,,exact,open,published,True,"[""College""]",[],,,False,,10000,False,annual,2026-07-26,0,0
7,GSIS Scholarship Program,Government Service Insurance System,Government Service Insurance System,Government,Affiliation,https://gsis.gov.ph,,estimated,open,published,True,"[""College""]",[],500000,85,True,4000,90000,False,,2026-07-08,0.76,76
78,GSIS Subsidy for STEM Program (GSSP),Government Service Insurance System,Government Service Insurance System,Government,Merit-and-Need,https://www.gsis.gov.ph,,exact,needs_verification,needs_review,True,"[""College""]",[],,90,False,,15000,False,annual,2026-06-30,0.68,68
83,MEXT Scholarship - College of Technology (KOSEN),JICC / Embassy of Japan,JICC / Embassy of Japan,Government,Merit-based,https://www.ph.emb-japan.go.jp/itpr_en/00_000193.html,,exact,open,published,True,"[""College"", ""TVET""]",[],,,True,,,True,annual,2026-07-26,0,0
80,MEXT Scholarship - Research Category,JICC / Embassy of Japan,JICC / Embassy of Japan,Government,Merit-based,https://www.ph.emb-japan.go.jp/itpr_en/00_000193.html,,exact,open,published,True,"[""Graduate""]",[],,,True,,,True,annual,2026-07-26,0,0
82,MEXT Scholarship - Specialized Training Track,JICC / Embassy of Japan,JICC / Embassy of Japan,Government,Merit-based,https://www.ph.emb-japan.go.jp/itpr_en/00_000193.html,,exact,open,published,True,"[""TVET""]",[],,,True,,,True,annual,2026-07-26,0,0
81,MEXT Scholarship - Undergraduate Track,JICC / Embassy of Japan,JICC / Embassy of Japan,Government,Merit-based,https://www.ph.emb-japan.go.jp/itpr_en/00_000193.html,,exact,open,published,True,"[""College""]",[],,,True,,,True,annual,2026-07-26,0,0
52,NCIP Educational Assistance Program Degree Track,National Commission on Indigenous Peoples,National Commission on Indigenous Peoples,Government,Need,https://eais.ncip.gov.ph,2026-08-15,exact,needs_verification,needs_review,True,"[""College""]",[],200000,75,False,,20000,False,annual,2026-08-03,0.06,6
53,NCIP Merit Based Scholarship Program,National Commission on Indigenous Peoples,National Commission on Indigenous Peoples,Government,Merit-based,https://eais.ncip.gov.ph,2026-08-15,exact,needs_verification,needs_review,True,"[""College""]",[],300000,85,True,,30000,False,annual,2026-08-03,0.06,6
64,Global Korea Scholarship (GKS) Graduate,NIIED,NIIED,Government,Merit-based,https://www.studyinkorea.go.kr,,exact,open,published,True,"[""Graduate""]",[],,,True,,,True,annual,2026-07-26,0,0
65,Global Korea Scholarship (GKS) Undergraduate,NIIED,NIIED,Government,Merit-based,https://www.studyinkorea.go.kr,,exact,open,published,True,"[""College""]",[],,,True,,,True,annual,2026-07-26,0,0
87,OWWA Congressional Migrant Workers Scholarship (CMWSP),Overseas Workers Welfare Administration,Overseas Workers Welfare Administration,Government,Merit-and-Need,https://owwa.gov.ph,,exact,needs_verification,needs_review,True,"[""College""]",[],,80,False,,60000,False,annual,2026-08-03,0.06,6
9,OWWA Education and Training Program,Overseas Workers Welfare Administration,Overseas Workers Welfare Administration,Government,Affiliation,https://owwa.gov.ph,,estimated,archived,archived,False,"[""College""]",[],500000,85,True,5000,100000,False,,2026-07-08,0.69,69
85,OWWA Education for Development Scholarship (EDSP),Overseas Workers Welfare Administration,Overseas Workers Welfare Administration,Government,Merit-based,https://owwa.gov.ph,,exact,needs_verification,needs_review,True,"[""College""]",[],,80,False,,60000,False,annual,2026-08-03,0.06,6
86,OWWA OFW Dependent Scholarship Program (ODSP),Overseas Workers Welfare Administration,Overseas Workers Welfare Administration,Government,Need,https://owwa.gov.ph,,exact,needs_verification,needs_review,True,"[""College""]",[],,80,False,,20000,False,annual,2026-08-03,0.06,6
124,OWWA Education and Livelihood Assistance Program (ELAP),Overseas Workers Welfare Administration (OWWA),Overseas Workers Welfare Administration (OWWA),Government,Need,https://owwa.gov.ph/education-and-livelihood-assistance-program-elap/,,,needs_verification,needs_review,True,"[""College"", ""Senior High School""]",[],250000,75,False,,15000,False,annual,2026-08-01,0.28,28
90,Fulbright-PhilSA Graduate Program,PAEF / PhilSA,PAEF / PhilSA,Government,Merit-based,https://apply.iie.org/ffsp2027,,exact,open,published,True,"[""Graduate""]",[],,,True,,,True,annual,2026-07-26,0,0
8,SSS Educational Loan Program,Social Security System,Social Security System,Government,Affiliation,https://sss.gov.ph,,estimated,archived,archived,False,"[""College""]",[],500000,80,True,0,80000,False,,2026-07-08,0.74,74
60,Taiwan ICDF Higher Education Scholarship Program,Taiwan International Cooperation and Development Fund,Taiwan International Cooperation and Development Fund,Government,Merit-based,https://www.icdf.org.tw,,exact,needs_verification,needs_review,True,"[""Graduate""]",[],,85,True,35000,900000,False,annual,2026-07-26,0,0
77,Bagong Pilipinas Merit Scholarship Program (BPMSP) - TVET Track,Technical Education and Skills Development Authority,Technical Education and Skills Development Authority,Government,Merit-based,https://bpms.ched.gov.ph/,,exact,needs_verification,needs_review,True,"[""TVET""]",[],2000000,90,True,,,True,annual,,0.61,61
4,TESDA Scholarship Programs (umbrella),Technical Education and Skills Development Authority,Technical Education and Skills Development Authority,Government,Need,https://tesda.gov.ph,2026-12-31,estimated,archived,archived,False,"[""TVET""]",[],500000,75,True,2000,50000,False,annual,2026-07-26,0,0
113,TESDA Special Training for Employment Program,Technical Education and Skills Development Authority,Technical Education and Skills Development Authority,Government,Need,https://tesda.gov.ph,2026-12-31,rolling,needs_verification,needs_review,True,"[""TVET""]",[],,75,True,3500,22000,False,rolling,2026-08-03,0.28,28
112,TESDA Training for Work Scholarship Program,Technical Education and Skills Development Authority,Technical Education and Skills Development Authority,Government,Need,https://tesda.gov.ph,2026-12-31,rolling,needs_verification,needs_review,True,"[""TVET""]",[],,75,True,3500,15000,False,rolling,2026-08-03,0.28,28
67,TESDA Private Education Student Financial Assistance,TESDA,TESDA,Government,Need,https://www.tesda.gov.ph,,exact,needs_verification,needs_review,True,"[""TVET""]",[],,,True,,,False,rolling,2026-07-26,0,0
66,CHED-UniFAST Tertiary Education Subsidy (TES),UniFAST / CHED,UniFAST / CHED,Government,Need,https://unifast.gov.ph/,,exact,needs_verification,needs_review,True,"[""College""]",[],,75,True,,40000,False,annual,2026-08-03,0.12,12
5,Tulong Dunong Program (TDP),Unified Student Financial Assistance System (UniFAST),Commission on Higher Education,Government,Need,https://unifast.gov.ph/tes.html,,institution_dependent,open,published,True,"[""College""]",[],400000,80,True,,15000,False,annual,2026-07-09,0.27,27
40,Ateneo de Manila University Financial Aid Grant,Ateneo de Manila University,Ateneo de Manila University,Institutional,Need,https://www.ateneo.edu,2026-11-15,exact,needs_verification,needs_review,True,"[""College""]","[""NCR""]",500000,78,True,3000,180000,False,annual,2026-06-30,0.89,89
41,Ateneo Directors List Scholarship,Ateneo de Manila University,Ateneo de Manila University,Institutional,Merit-based,https://www.ateneo.edu,2026-11-15,exact,needs_verification,needs_review,True,"[""College""]",[],,83,False,,100000,False,annual,2026-06-30,0.78,78
104,Ateneo Freshman Merit Scholarship,Ateneo de Manila University,Ateneo de Manila University,Institutional,Merit-based,https://www.ateneo.edu,2026-11-15,,needs_verification,needs_review,True,"[""College""]",[],,90,True,,160000,False,annual,,0.28,28
18,Ateneo High School Financial Aid,Ateneo de Manila University,Ateneo de Manila University,Institutional,Merit-and-Need,https://ateneo.edu,,estimated,needs_verification,needs_review,True,"[""High School""]","[""NCR""]",400000,90,True,0,80000,False,,2026-07-08,0.8,80
105,Ateneo Magis Scholarship,Ateneo de Manila University,Ateneo de Manila University,Institutional,Merit-and-Need,https://www.ateneo.edu,2026-11-15,,needs_verification,needs_review,True,"[""College""]",[],250000,85,True,4000,220000,False,annual,,0.34,34
42,Ateneo Law School Financial Aid Program,Ateneo Law School,Ateneo Law School,Institutional,Merit-and-Need,https://www.ateneo.edu,,exact,needs_verification,needs_review,True,"[""Graduate""]","[""NCR""]",600000,82,True,,120000,False,annual,2026-07-26,0,0
44,DLSU Archer Achievers Scholarship,De La Salle University,De La Salle University,Institutional,Merit-based,https://www.dlsu.edu.ph,,exact,open,published,True,"[""College""]",[],,83,True,,140000,False,annual,2026-07-26,0,0
106,DLSU St La Salle Financial Assistance Grant,De La Salle University,De La Salle University,Institutional,Need,https://www.dlsu.edu.ph,,,needs_verification,needs_review,True,"[""College""]",[],700000,85,True,3500,180000,False,semester,,0.28,28
43,DLSU Star Scholars Program,De La Salle University,De La Salle University,Institutional,Merit-based,https://www.dlsu.edu.ph,,exact,open,published,True,"[""College""]",[],,90,True,8000,250000,False,annual,2026-07-26,0,0
107,DLSU Vaugirard Scholarship Program,De La Salle University,De La Salle University,Institutional,Merit-and-Need,https://www.dlsu.edu.ph,,,needs_verification,needs_review,True,"[""College""]",[],300000,88,True,4000,190000,False,annual,,0.28,28
46,Mindanao State University SASE Academic Scholarship,Mindanao State University System,Mindanao State University System,Institutional,Merit-based,https://www.msumain.edu.ph,,exact,open,published,True,"[""College""]","[""BARMM"", ""Region IX - Zamboanga Peninsula"", ""Region X - Northern Mindanao"", ""Region XI - Davao"", ""Region XII - Soccsksargen"", ""Region XIII - Caraga""]",,85,True,,20000,False,annual,2026-07-26,0,0
23,Philippine Normal University Scholarship,Philippine Normal University,Philippine Normal University,Institutional,Merit-and-Need,https://pnu.edu.ph,,estimated,needs_verification,needs_review,True,"[""College""]",[],400000,90,True,3000,70000,False,,2026-07-08,0.69,69
68,PUP Entrance Scholarship Program,PUP,PUP,Institutional,Merit-based,https://www.pup.edu.ph/students/scholarships,,exact,open,published,True,"[""College""]",[],,,True,,,False,annual,2026-07-26,0,0
69,PUP Student Assistantship Program,PUP,PUP,Institutional,Need,https://www.pup.edu.ph/students/scholarships,,exact,needs_verification,needs_review,True,"[""College""]",[],,,False,,,False,semester,,0.5,50
99,University of Makati Special Institutional Scholarship,University of Makati (UMak),University of Makati (UMak),Institutional,Affiliation,https://www.umak.edu.ph,,,needs_verification,needs_review,True,"[""College"", ""TVET""]","[""NCR""]",350000,75,True,1000,15000,False,semester,,0.36,36
32,University of Makati Token Fee Exemption Program,University of Makati (UMak),University of Makati (UMak),Institutional,Merit-based,https://www.umak.edu.ph,,exact,needs_verification,needs_review,True,"[""College""]","[""NCR""]",250000,88,True,,5000,False,semester,2026-07-26,0,0
108,UST San Lorenzo Ruiz Student Assistance Scholarship,University of Santo Tomas,University of Santo Tomas,Institutional,Affiliation,https://manila.ust.edu.ph,,,needs_verification,needs_review,True,"[""College""]","[""NCR""]",250000,82,True,,60000,False,semester,,0.36,36
45,UST San Martin de Porres Equity Scholarship,University of Santo Tomas,University of Santo Tomas,Institutional,Need,https://manila.ust.edu.ph,,exact,needs_verification,needs_review,True,"[""College""]","[""NCR""]",300000,85,True,,45000,False,annual,2026-06-30,0.8,80
109,UST Santo Tomas Academic Scholarship,University of Santo Tomas,University of Santo Tomas,Institutional,Merit-based,https://manila.ust.edu.ph,,,needs_verification,needs_review,True,"[""College""]","[""NCR""]",,88,True,,100000,False,annual,,0.3,30
24,UP Presidential Scholarship,University of the Philippines,University of the Philippines,Institutional,Merit-and-Need,https://up.edu.ph,,estimated,open,published,True,"[""College""]",[],400000,95,True,6000,120000,False,,2026-07-08,0.76,76
70,UP College of Law Scholarship Program,UP College of Law,UP College of Law,Institutional,Merit-and-Need,https://law.upd.edu.ph/call-for-scholarship-applications-ay-2025-2026/,,exact,open,published,True,"[""Graduate""]",[],,,True,,,False,annual,2026-07-26,0,0
39,Bislig City Collegiate Scholarship Program,Bislig City Government,Bislig City Government,LGU,Merit-and-Need,https://www.bislig.gov.ph,,exact,needs_verification,needs_review,True,"[""College""]","[""Region XIII - Caraga""]",240000,82,False,,12000,False,annual,,0.72,72
36,Cebu City College Scholarship Program,Cebu City Government,Cebu City Government,LGU,Merit-and-Need,https://www.cebucity.gov.ph,,exact,needs_verification,needs_review,True,"[""College""]","[""Region VII - Central Visayas""]",350000,80,True,,20000,False,annual,2026-07-26,0,0
49,Cebu Province CP GIFTS Program,Cebu Provincial Government,Cebu Provincial Government,LGU,Need,https://www.cebu.gov.ph,,exact,needs_verification,needs_review,True,"[""College""]","[""Region VII - Central Visayas""]",200000,85,False,,20000,True,annual,,0.72,72
103,Davao City Medical and Law Education Assistance Program,Davao City Government (EBSU),Davao City Government (EBSU),LGU,Merit-based,https://davaocity.gov.ph,,,needs_verification,needs_review,True,"[""Graduate""]","[""Region XI - Davao""]",500000,85,True,4000,100000,True,annual,,0.36,36
38,Davao City Special Educational Assistance Program for Lumad,Davao City Government (EBSU),Davao City Government (EBSU),LGU,Need,https://davaocity.gov.ph,,exact,open,published,True,"[""College"", ""TVET""]","[""Region XI - Davao""]",200000,75,False,2000,30000,False,annual,2026-07-26,0,0
101,Davao City STEP FA Category A,Davao City Government (EBSU),Davao City Government (EBSU),LGU,Merit-based,https://davaocity.gov.ph,,,needs_verification,needs_review,True,"[""College""]","[""Region XI - Davao""]",250000,93,True,3000,50000,False,annual,,0.36,36
37,Davao City STEP FA Category B,Davao City Government (EBSU),Davao City Government (EBSU),LGU,Merit-and-Need,https://davaocity.gov.ph,,exact,open,published,True,"[""College""]","[""Region XI - Davao""]",300000,88,False,2000,40000,False,annual,2026-07-26,0,0
102,Davao City STEP FA Category C,Davao City Government (EBSU),Davao City Government (EBSU),LGU,Need,https://davaocity.gov.ph,,,needs_verification,needs_review,True,"[""College""]","[""Region XI - Davao""]",180000,80,False,1000,15000,False,annual,,0.36,36
98,Makati City Premier and Specialized School Scholarship,Makati City Government,Makati City Government,LGU,Merit-based,https://www.makati.gov.ph,,,needs_verification,needs_review,True,"[""College""]","[""NCR""]",500000,88,True,4000,80000,True,annual,,0.36,36
31,Makati City SUC and Priority Courses Scholarship,Makati City Government,Makati City Government,LGU,Merit-and-Need,https://www.makati.gov.ph,,exact,needs_verification,needs_review,True,"[""College""]","[""NCR""]",300000,82,False,2000,40000,False,annual,,0.72,72
35,Marikina City Medical Scholarship Program,Marikina City Government,Marikina City Government,LGU,Merit-and-Need,https://www.marikina.gov.ph,,exact,open,published,True,"[""Graduate""]","[""NCR""]",600000,85,True,4000,150000,True,annual,2026-07-26,0,0
48,Muntinlupa CARES Financial Assistance Program,Muntinlupa Scholarship Division,Muntinlupa Scholarship Division,LGU,Need,https://www.muntinlupacity.gov.ph,,exact,needs_verification,needs_review,True,"[""College""]","[""NCR""]",200000,80,False,1000,10000,False,semester,,0.72,72
47,Muntinlupa MOST Academic Scholarship,Muntinlupa Scholarship Division,Muntinlupa Scholarship Division,LGU,Merit-based,https://www.muntinlupacity.gov.ph,,exact,needs_verification,needs_review,True,"[""College""]","[""NCR""]",500000,90,True,5000,130000,False,annual,2026-07-26,0,0
34,NavotaAs Academic College Scholarship,Navotas City Government,Navotas City Government,LGU,Merit-based,https://www.navotas.gov.ph,,exact,needs_verification,needs_review,True,"[""College""]","[""NCR""]",400000,88,True,2200,262000,False,annual,,0.72,72
100,NavotaAs Fisherfolk Children Scholarship Track,Navotas City Government,Navotas City Government,LGU,Need,https://www.navotas.gov.ph,,,needs_verification,needs_review,True,"[""College"", ""TVET""]","[""NCR""]",180000,78,True,1500,20000,False,annual,,0.36,36
50,Parañaque City Tertiary Education Financial Assistance Program,Parañaque City Government,Parañaque City Government,LGU,Merit-and-Need,https://www.paranaquecity.gov.ph,2026-08-20,exact,needs_verification,needs_review,True,"[""College""]","[""NCR""]",300000,80,False,,12000,False,semester,,0.81,81
26,Pasig City Arts and Design Scholarship,Pasig City Government,Pasig City Government,LGU,Affiliation,https://scholars.pasigcity.gov.ph,2026-09-10,exact,needs_verification,needs_review,True,"[""College"", ""Grade 11"", ""Grade 12""]","[""NCR""]",350000,80,True,1500,28000,False,annual,2026-07-26,0,0
93,Pasig City Out-of-School Learners Scholarship,Pasig City Government,Pasig City Government,LGU,Need,https://scholars.pasigcity.gov.ph,,,needs_verification,needs_review,True,"[""TVET"", ""College""]","[""NCR""]",200000,75,True,2500,35000,False,annual,,0.36,36
25,Pasig City Regular Academic Scholarship,Pasig City Government,Pasig City Government,LGU,Merit-and-Need,https://www.pasigcity.gov.ph,2026-08-15,exact,needs_verification,needs_review,True,"[""College""]","[""NCR""]",300000,85,True,1500,25000,False,annual,2026-07-26,0.06,6
94,Pasig City Sangguniang Kabataan Endorsed Scholarship,Pasig City Government,Pasig City Government,LGU,Affiliation,https://scholars.pasigcity.gov.ph,2026-08-20,,needs_verification,needs_review,True,"[""College""]","[""NCR""]",250000,82,False,1500,20000,True,annual,,0.42,42
92,Pasig City Sports Scholarship,Pasig City Government,Pasig City Government,LGU,Affiliation,https://scholars.pasigcity.gov.ph,2026-09-10,,needs_verification,needs_review,True,"[""College"", ""Grade 11"", ""Grade 12""]","[""NCR""]",350000,80,True,2000,30000,False,annual,,0.42,42
89,Manuel L. Quezon Filipino Language and Literature Scholarship Program,Quezon City Government,Quezon City Government,LGU,Merit-based,https://qceservices.quezoncity.gov.ph,,exact,open,published,True,"[""College"", ""Graduate""]","[""NCR""]",,,True,,,False,annual,2026-07-26,0,0
88,Quezon City Scholarship Program (QCSP),Quezon City Government,Quezon City Government,LGU,Need,https://qceservices.quezoncity.gov.ph,,exact,open,published,True,"[""High School"", ""College"", ""TVET"", ""Graduate""]","[""NCR""]",400000,88,True,3500,75000,False,annual,2026-07-26,0,0
51,Tabuk City College Academic Scholarship,Tabuk City Government,Tabuk City Government,LGU,Need,https://www.tabuk.gov.ph,2026-08-31,exact,needs_verification,needs_review,True,"[""College""]","[""CAR""]",120000,75,False,,8000,False,semester,,0.81,81
96,Taguig LANI Basic Scholarship,Taguig City Government,Taguig City Government,LGU,Need,https://tcu.edu.ph/lani-scholarship,,,needs_verification,published,True,"[""College""]","[""NCR""]",300000,78,False,1000,20000,False,semester,,0.36,36
95,Taguig LANI Full Scholarship,Taguig City Government,Taguig City Government,LGU,Merit-and-Need,https://tcu.edu.ph/lani-scholarship,,,needs_verification,published,True,"[""College""]","[""NCR""]",450000,85,True,2000,50000,False,semester,,0.36,36
29,Taguig LANI LCU and SUC Assistance Scholarship,Taguig City Government,Taguig City Government,LGU,Merit-and-Need,https://tcu.edu.ph/lani-scholarship,,exact,needs_verification,published,True,"[""College""]","[""NCR""]",250000,80,False,1500,19000,False,semester,,0.72,72
97,Taguig LANI LEAD Graduate Scholarship,Taguig City Government,Taguig City Government,LGU,Merit-based,https://tcu.edu.ph/lani-scholarship,,,needs_verification,needs_review,True,"[""Graduate""]","[""NCR""]",750000,85,True,2000,80000,True,annual,,0.36,36
27,Taguig LANI Premier Scholarship,Taguig City Government,Taguig City Government,LGU,Merit-based,https://tcu.edu.ph/lani-scholarship,,exact,needs_verification,published,True,"[""College""]","[""NCR""]",600000,90,True,3000,100000,False,semester,,0.72,72
28,Taguig LANI Priority Scholarship,Taguig City Government,Taguig City Government,LGU,Merit-and-Need,https://tcu.edu.ph/lani-scholarship,,exact,needs_verification,published,True,"[""College""]","[""NCR""]",350000,82,True,2500,60000,False,semester,,0.72,72
30,Taguig Lifeline Bar and Board Review Assistance,Taguig City Government,Taguig City Government,LGU,Affiliation,https://tcu.edu.ph/lani-scholarship,,exact,open,published,True,"[""Graduate"", ""College""]","[""NCR""]",600000,,False,,30000,False,rolling,2026-07-26,0,0
33,Valenzuela City Dr. Pio Valenzuela Scholarship Program,Valenzuela City Government,Valenzuela City Government,LGU,Merit-and-Need,https://valenzuela.gov.ph/,,exact,needs_verification,published,True,"[""College""]","[""NCR""]",120000,85,True,2000,30000,False,annual,2026-08-03,0.06,6
75,Aboitiz Brights (Aboitiz Future Leaders Scholarship),Aboitiz Foundation,Aboitiz Foundation,Private,Merit-and-Need,https://www.aboitizfoundation.org/what-we-do/education/aboitiz-future-leaders-scholarship-program/,,exact,needs_verification,needs_review,True,"[""College""]",[],,75,True,,,False,annual,2026-07-26,0.29,29
62,AFPSLAI Educational Grant Program,Armed Forces of the Philippines (AFPSLAI),Armed Forces of the Philippines (AFPSLAI),Private,Affiliation,https://www.afpslai.com.ph,,exact,needs_verification,needs_review,True,"[""College""]",[],500000,85,False,,50000,False,annual,,0.66,66
11,Ayala Foundation U-Go Scholar Grant,Ayala Foundation,Ayala Foundation,Private,Merit-and-Need,https://www.ayalafoundation.org/program/u-go-scholar-grant/,,estimated,needs_verification,needs_review,True,"[""College""]","[""Luzon"", ""NCR""]",400000,90,True,4000,90000,False,,2026-07-08,0.12,12
14,BPI Foundation Pagpupugay Scholarship,BPI Foundation,BPI Foundation,Private,Merit-and-Need,https://www.bpifoundation.org/programs/special-projects/pagpupugay-scholarship,,estimated,open,published,True,"[""College""]",[],400000,92,True,3500,80000,False,,2026-07-08,0.17,17
59,Caritas Manila YSLEP Scholarship Program,Caritas Manila,Caritas Manila,Private,Need,https://www.caritasmanila.org.ph,,exact,needs_verification,needs_review,True,"[""College"", ""TVET""]",[],180000,80,True,1000,35000,True,annual,,0.66,66
72,Gokongwei Brothers Foundation STEM-College Scholarship,Gokongwei Brothers Foundation,Gokongwei Brothers Foundation,Private,Merit-and-Need,https://philscholar.com/gbf-stem-college-scholarship/,,exact,open,published,True,"[""College""]",[],400000,92,True,5000,100000,False,annual,2026-07-26,0,0
132,Megaworld Foundation College Scholarship,Megaworld Foundation,Megaworld Foundation,Private,Merit-and-Need,https://www.megaworldfoundation.com/scholarship/apply/form,,,archived,archived,False,"[""College""]",[],400000,85,True,2500,,False,annual,2026-08-01,0.78,78
61,Megaworld Foundation Scholarship Program,Megaworld Foundation,Megaworld Foundation,Private,Merit-and-Need,https://www.megaworldfoundation.com/scholarship/apply/form,,exact,needs_verification,needs_review,True,"[""College""]","[""NCR"", ""Region III - Central Luzon"", ""Region IV-A - Calabarzon"", ""Region VI - Western Visayas"", ""Region VII - Central Visayas""]",400000,85,True,2500,120000,False,annual,2026-08-03,0.36,36
13,Metrobank Foundation ACCESS Program,Metrobank Foundation,Metrobank Foundation,Private,Merit-and-Need,https://www.mbfoundation.org.ph/grants/grants-education/about-the-metrogold-scholarship-program-msp/,,estimated,needs_verification,needs_review,True,"[""College""]",[],400000,90,True,4000,85000,False,,2026-07-08,0.12,12
16,PLDT-Smart Foundation Gabay Guro Scholarship,PLDT-Smart Foundation,PLDT-Smart Foundation,Private,Merit-and-Need,https://www.gabayguro.com/about-us,,estimated,open,published,True,"[""College""]",[],400000,90,True,5000,100000,False,,2026-07-26,0.17,17
15,San Miguel Foundation Scholarship,San Miguel Foundation,San Miguel Foundation,Private,Merit-and-Need,https://sanmiguel.com.ph/foundation,,estimated,needs_verification,needs_review,True,"[""College""]",[],400000,88,True,4000,90000,False,,2026-07-08,0.74,74
71,Security Bank External Scholarship Program,Security Bank Foundation,Security Bank Foundation,Private,Merit-and-Need,https://www.securitybank.com/agency-scholarships-program-dnd/,,exact,needs_verification,needs_review,True,"[""College""]","[""NCR""]",,86,True,,,False,annual,2026-06-30,0.75,75
111,Security Bank Foundation Agency Personnel Scholarship,Security Bank Foundation,Security Bank Foundation,Private,Affiliation,https://www.securitybank.com,,,needs_verification,needs_review,True,"[""College""]",[],250000,80,False,,30000,False,annual,,0.28,28
58,Security Bank Foundation State Universities Scholarship,Security Bank Foundation,Security Bank Foundation,Private,Merit-and-Need,https://www.securitybank.com,,exact,needs_verification,needs_review,True,"[""College""]",[],350000,85,False,,50000,False,annual,2026-07-26,0,0
10,SM Foundation College Scholarship,SM Foundation,SM Foundation,Private,Need,https://scholarship.sm-foundation.org/,,estimated,needs_verification,needs_review,True,"[""College""]",[],250000,92,True,5000,100000,False,annual,2026-08-03,0.28,28
131,SM Foundation College Scholarship Program,SM Foundation,SM Foundation,Private,Merit-and-Need,https://scholarship.sm-foundation.org/,,,archived,archived,False,"[""College""]","[""NCR"", ""Region III - Central Luzon"", ""Region IV-A - Calabarzon"", ""Region V - Bicol"", ""Region VI - Western Visayas"", ""Region VII - Central Visayas"", ""Region VIII - Eastern Visayas"", ""Region IX - Zamboanga Peninsula"", ""Region X - Northern Mindanao"", ""Region XI - Davao"", ""Region XII - Soccsksargen"", ""Region XIII - Caraga""]",250000,92,True,,,False,annual,2026-08-01,0.84,84
