title,provider,source,link,description,provider_type,scholarship_type,eligible_levels,eligible_regions,eligible_cities,residency_required,eligible_school_types,eligible_courses_psced,eligible_courses_specific,max_income_threshold,min_gwa_normalized,min_age,max_age,priority_groups,benefit_tuition,benefit_allowance_monthly,benefit_books,benefit_total_value,required_documents,has_qualifying_exam,has_interview,has_essay_requirement,has_return_service,application_open_date,application_deadline,academic_year_target,cycle_type,last_open_date,last_close_date,is_active,source_slug,research_notes,source_urls,dedupe_rationale
Pasig City Regular Academic Scholarship,Pasig City Government,gemini_research,https://scholars.pasigcity.gov.ph,"The Pasig City Regular Academic Scholarship is designed for residents of Pasig City who demonstrate high academic performance and are enrolled in recognized higher education institutions. This program provides comprehensive tuition assistance and stipends to support college education for local youths. Applicants must maintain a minimum GWA of 85% or equivalent, with no grade lower than 85% in any subject. Eligibility requires presenting a valid Pasig City LGU ID or Barangay Certificate of Residency proving at least 3 years of residency, and registered voter status for parents or applicants of legal age. Application steps involve registering online via the official Pasig Scholarship portal, uploading scanned requirements, and attending an orientation once approved. Highly recurring cycle opening every first semester of the academic year. Financial need is factored via an annual family income cap of 300,000 PHP.",LGU,Merit-and-Need,College,NCR,Pasig,true,Public|Private,STEM|Engineering|IT|Education|Medical|Business|Agriculture|Arts,All accredited undergraduate degrees,300000,85,,,4Ps|Listahanan,true,1500,true,25000,BARANGAY_CERT|BIRTH_CERT|GOOD_MORAL|TOR,true,true,false,false,2026-07-01,2026-08-15,2026-2027,annual,2025-07-05,2025-08-20,true,pasig_city_regular_academic_2026,application_status=opening_soon | confidence=high | link_quality=primary,https://scholars.pasigcity.gov.ph|https://assets.pasigcity.gov.ph,Net-new LGU program specific to Pasig City residents not present in Round 1.
Pasig City Sports Scholarship,Pasig City Government,gemini_research,https://scholars.pasigcity.gov.ph,"The Pasig City Sports Scholarship caters to outstanding student-athletes who have represented Pasig City or their schools in regional, national, or international athletic competitions. It aims to support athletes in balancing academic progression with rigorous athletic training. Eligibility includes verified residency in Pasig City for 3 years, a minimum GWA of 80% to ensure academic compliance, and official endorsements from the Pasig Sports Development Office. Financial aid covers partial tuition and a monthly training stipend. Renewal requires active sports participation and maintaining passing marks. Portal registrations open annually in August.",LGU,Affiliation,College|Grade 11|Grade 12,NCR,Pasig,true,Public|Private,STEM|Engineering|IT|Education|Medical|Business|Agriculture|Arts,All courses,350000,80,,,Student Athletes,true,2000,true,30000,BARANGAY_CERT|BIRTH_CERT|FORM_137,false,true,false,false,2026-08-01,2026-09-10,2026-2027,annual,2025-08-05,2025-09-15,true,pasig_city_sports_scholarship_2026,application_status=recurring_unopened | confidence=high | link_quality=primary,https://scholars.pasigcity.gov.ph,Distinct athletic-based track with separate funding and GWA criteria from Pasig Regular.
Pasig City Arts and Design Scholarship,Pasig City Government,gemini_research,https://scholars.pasigcity.gov.ph,"This dedicated track supports creative individuals residing in Pasig City who pursue fields in fine arts, digital design, music, performing arts, or literature. Eligible applicants must showcase a portfolio or pass a talent audition managed by the Pasig Cultural Affairs Office. Academic requirements are set at a minimum GWA of 80%. Benefits include school fees financial aid and materials allowances. Registration is completed through the online portal, followed by an in-person portfolio review.",LGU,Affiliation,College|Grade 11|Grade 12,NCR,Pasig,true,Public|Private,Arts,Fine Arts|Digital Design|Music|Performing Arts,350000,80,,,Artists and Creatives,true,1500,true,28000,BARANGAY_CERT|BIRTH_CERT|FORM_137|ESSAY,true,true,true,false,2026-08-01,2026-09-10,2026-2027,annual,2025-08-05,2025-09-15,true,pasig_city_arts_design_2026,application_status=recurring_unopened | confidence=high | link_quality=primary,https://scholars.pasigcity.gov.ph,Targeted LGU creative arts track absent from the baseline document.
Pasig City Out-of-School Learners Scholarship,Pasig City Government,gemini_research,https://scholars.pasigcity.gov.ph,"Designed specifically for out-of-school youths (OSYs) and adult learners in Pasig City who want to reintegrate into formal education, alternative learning systems (ALS), or technical-vocational (TVET) paths. Funded fully by the LGU, this program waives instructional fees and provides a substantial monthly allowance to cover daily transport and meal costs. Eligibility includes a minimum of 1 year of non-enrollment in school and a family income below 200,000 PHP. Applications are accepted directly through the Pasig Scholarship Office or Barangay halls.",LGU,Need,TVET|College,NCR,Pasig,true,Public|Private,STEM|Engineering|IT|Education|Medical|Business|Agriculture|Arts,ALS and TVET short courses,200000,75,,,Out of School Youth,true,2500,true,35000,BARANGAY_CERT|BIRTH_CERT|4PS_CERT,false,true,false,false,2026-06-15,2026-07-30,2026-2027,annual,2025-06-20,2025-07-25,true,pasig_city_osl_scholarship_2026,application_status=open | confidence=high | link_quality=primary,https://scholars.pasigcity.gov.ph|https://assets.pasigcity.gov.ph,Special social welfare track for out-of-school youth reintegration.
Pasig City Sangguniang Kabataan Endorsed Scholarship,Pasig City Government,gemini_research,https://scholars.pasigcity.gov.ph,A localized financial-aid track administered in collaboration with the Barangay Sangguniang Kabataan (SK) councils of Pasig City. This scholarship targets active community youth volunteers and leaders. Eligible applicants must possess a formal endorsement from their respective Barangay SK Chairman certifying leadership and civic engagement hours. A minimum GWA of 82% is required. Benefits comprise an annual educational subsidy disbursed in two semester installments.,LGU,Affiliation,College,NCR,Pasig,true,Public|Private,STEM|Engineering|IT|Education|Medical|Business|Agriculture|Arts,All undergraduate programs,250000,82,,,Community Leaders,false,1500,true,20000,BARANGAY_CERT|BIRTH_CERT|GOOD_MORAL,false,true,false,true,2026-07-10,2026-08-20,2026-2027,annual,2025-07-12,2025-08-25,true,pasig_city_sk_endorsed_2026,application_status=opening_soon | confidence=high | link_quality=primary,https://scholars.pasigcity.gov.ph,SK leadership affiliation-based LGU grant omitted in Round 1.
Taguig LANI Premier Scholarship,Taguig City Government,gemini_research,https://tcu.edu.ph/lani-scholarship,"The Lifeline Assistance for Neighbors in Need (LANI) Premier Scholarship is Taguig City's flagship merit track for top-tier residents studying in prestigious private universities or high-cost specialized institutions (e.g., UP, DLSU, ADMU, UST, Mapua). Applicants must be registered voters of Taguig for at least 3 years and have a minimum GWA of 90% (1.50 or better) with zero failing grades. It offers substantial financial aid up to 50,000 PHP per semester to directly cover tuition fees and modern learning tools. Applications are submitted via the Taguig LANI portal or at the Taguig Civic Center scholarship desk. Highly structured and strictly recurring every semester.",LGU,Merit-based,College,NCR,Taguig,true,Public|Private,STEM|Engineering|IT|Education|Medical|Business|Arts,Top-tier institutional degrees,600000,90,,,Top 10 Percent Graduates,true,3000,true,100000,BARANGAY_CERT|BIRTH_CERT|TOR,true,true,true,false,2026-06-20,2026-07-31,2026-2027,semester,2026-01-05,2026-02-15,true,taguig_lani_premier_2026,application_status=open | confidence=high | link_quality=primary,https://tcu.edu.ph/lani-scholarship|https://www.taguig.gov.ph,LANI flagship elite track for top private/specialized universities.
Taguig LANI Full Scholarship,Taguig City Government,gemini_research,https://tcu.edu.ph/lani-scholarship,"The LANI Full Scholarship track supports Taguig residents enrolled in private higher education institutions within or outside Metro Manila. It is designed to alleviate tuition burdens for middle-income families. Requires a minimum GWA of 85% (2.0 or better) and 3 years of verifiable city residency. Provides a flat cash assistance rate of 20,000 PHP to 25,000 PHP per semester. Renewal is contingent upon submitting semestral grade sheets confirming no failing marks. Online application processing is strictly required through the LANI desk.",LGU,Merit-and-Need,College,NCR,Taguig,true,Private,STEM|Engineering|IT|Education|Medical|Business|Agriculture|Arts,All approved degree programs,450000,85,,,Middle Income Learners,true,2000,true,50000,BARANGAY_CERT|BIRTH_CERT|TOR|ITR,false,true,false,false,2026-06-20,2026-07-31,2026-2027,semester,2026-01-05,2026-02-15,true,taguig_lani_full_2026,application_status=open | confidence=high | link_quality=primary,https://tcu.edu.ph/lani-scholarship,Standard full-tuition LANI option for private colleges; distinct criteria.
Taguig LANI Priority Scholarship,Taguig City Government,gemini_research,https://tcu.edu.ph/lani-scholarship,"This specific LANI track directly targets priority fields of study essential for national development and city workforce planning, including STEM, digital engineering, data analytics, special education, and specialized medical courses. Eligible applicants need a minimum GWA of 82%. Financial benefits are elevated compared to basic tracks, supplying up to 30,000 PHP per semester. Priority status is also given to low-income applicants, PWDs, and dependents of solo parents.",LGU,Merit-and-Need,College,NCR,Taguig,true,Public|Private,STEM|Engineering|IT|Education|Medical,STEM and Allied Medical Courses,350000,82,,,PWD|Solo Parent Dependents,true,2500,true,60000,BARANGAY_CERT|BIRTH_CERT|TOR|4PS_CERT,false,true,false,false,2026-06-20,2026-07-31,2026-2027,semester,2026-01-05,2026-02-15,true,taguig_lani_priority_2026,application_status=open | confidence=high | link_quality=primary,https://tcu.edu.ph/lani-scholarship,Course-restricted LANI track prioritizing STEM and health sciences.
Taguig LANI Basic Scholarship,Taguig City Government,gemini_research,https://tcu.edu.ph/lani-scholarship,"The LANI Basic Scholarship is a broad-access financial assistance grant for Taguig residents enrolled in non-priority programs across public or private institutions. It operates under a lower academic barrier, requiring only a passing GWA of 78% (3.0 or equivalent). It guarantees basic equity support, providing 10,000 PHP per semester to handle textbooks, uniform fees, and transportation costs. Verification of local voter registration is strictly checked during the mandatory manual verification phase.",LGU,Need,College,NCR,Taguig,true,Public|Private,STEM|Engineering|IT|Education|Medical|Business|Agriculture|Arts,All undergraduate degrees,300000,78,,,Low Income Families,false,1000,true,20000,BARANGAY_CERT|BIRTH_CERT|TOR,false,false,false,false,2026-06-20,2026-07-31,2026-2027,semester,2026-01-05,2026-02-15,true,taguig_lani_basic_2026,application_status=open | confidence=high | link_quality=primary,https://tcu.edu.ph/lani-scholarship,Low-barrier mass-equity LANI track missing from the Round 1 catalog.
Taguig LANI LCU and SUC Assistance Scholarship,Taguig City Government,gemini_research,https://tcu.edu.ph/lani-scholarship,"This scholarship is specially tailored for Taguig residents who are already utilizing the Free Higher Education law at State Universities and Colleges (SUCs) or Local Colleges and Universities (LCUs) like Taguig City University (TCU) or PUP. Since tuition is free, this track converts assistance into a pure monthly cash living stipend of 1,500 PHP plus 2,000 PHP per semester for books. Requires a GWA of 80% and zero failures. Online submission occurs via the unified TCU-LANI interface.",LGU,Merit-and-Need,College,NCR,Taguig,true,Public,STEM|Engineering|IT|Education|Medical|Business|Agriculture|Arts,SUC and LCU courses,250000,80,,,SUC|LCU Students,false,1500,true,19000,BARANGAY_CERT|TOR,false,false,false,false,2026-06-20,2026-07-31,2026-2027,semester,2026-01-05,2026-02-15,true,taguig_lani_suc_lcu_2026,application_status=open | confidence=high | link_quality=primary,https://tcu.edu.ph/lani-scholarship,Pure living stipend track tailored for students enrolled in free-tuition SUCs/LCUs.
Taguig LANI LEAD Graduate Scholarship,Taguig City Government,gemini_research,https://tcu.edu.ph/lani-scholarship,"The Leadership and Educators Advancement and Development (LEAD) program is an advanced LANI track designed for licensed teachers, city employees, and professionals residing in Taguig who are pursuing Master's or Doctorate degrees. It funds advanced research, dissertation expenses, and postgraduate tuition up to 40,000 PHP per semester. Applicants must maintain a postgrad GWA of 2.0 (85%) and submit an approved thesis proposal. Return service involves a mandatory 1-year community or institutional service within Taguig for every year of funding.",LGU,Merit-based,Graduate,NCR,Taguig,true,Public|Private,STEM|Education|Medical|Business,Master's and Doctoral Programs,750000,85,,,Public Servants and Teachers,true,2000,true,80000,BARANGAY_CERT|TOR|ESSAY,false,true,true,true,2026-05-15,2026-06-30,2026-2027,annual,2025-05-20,2025-06-28,false,taguig_lani_lead_grad_2026,application_status=closed_reference | confidence=high | link_quality=primary,https://tcu.edu.ph/lani-scholarship,Postgraduate LANI track with strict return service rules; completely net-new.
Taguig Lifeline Bar and Board Review Assistance,Taguig City Government,gemini_research,https://tcu.edu.ph/lani-scholarship,"A specialized, one-time financial grant for Taguig residents who have completed their undergraduate degrees in Law, Engineering, Nursing, Accountancy, or Education and are preparing for professional licensure examinations (PRC Board Exams or Supreme Court Bar Exam). Provides a lump-sum financial grant of 15,000 PHP to 30,000 PHP to pay for review center enrollments and examination fees. Requires graduation proof, a certification from an official review center, and voter verification. No GWA check is enforced post-graduation.",LGU,Affiliation,Graduate|College,NCR,Taguig,true,Public|Private,STEM|Engineering|Education|Medical|Business,Board or Bar review courses,600000,,,,Board Exam Takers,false,,true,30000,BARANGAY_CERT|BIRTH_CERT|TOR,false,false,false,false,2026-04-01,2026-05-30,2026-2027,rolling,2025-04-05,2025-05-28,false,taguig_lifeline_review_2026,application_status=closed_reference | confidence=high | link_quality=primary,https://tcu.edu.ph/lani-scholarship,"Short-term, one-time post-graduate professional licensure assistance track."
Makati City Premier and Specialized School Scholarship,Makati City Government,gemini_research,https://www.makati.gov.ph,"The Makati City Government Scholarship Program offers elite financial backing to top-tier Makati residents who secure admission into designated Centers of Excellence or top private universities (such as DLSU, ADMU, UST, Mapua). Applicants must provide proof of at least 5 years of continuous city residency, valid Makati LGU ID/QCitizen equivalent, and rank in the top 10% of their graduating Senior High School class. It supplies up to 80,000 PHP annually for tuition and institutional fees. Recipients must sign a contract committing to a mandatory 2-year return service within the Makati LGU or city public school system upon graduation. GWA maintenance of 88% (1.75) is strictly audited per semester.",LGU,Merit-based,College,NCR,Makati,true,Private,STEM|Engineering|IT|Education|Medical|Business,Elite institutional programs,500000,88,,,Top 10 Percent Graduates,true,4000,true,80000,BARANGAY_CERT|BIRTH_CERT|TOR|GOOD_MORAL,true,true,false,true,2026-06-01,2026-07-15,2026-2027,annual,2025-06-02,2025-07-20,true,makati_city_premier_2026,application_status=open | confidence=high | link_quality=secondary,https://www.makati.gov.ph|https://mirror.pia.gov.ph,Elite private university track for Makati residents with a 2-year service obligation.
Makati City SUC and Priority Courses Scholarship,Makati City Government,gemini_research,https://www.makati.gov.ph,"This LGU track caters to Makati residents enrolled in State Universities and Colleges (outside of UMak) pursuing priority industrial fields like IT, engineering, and digital science. It grants 20,000 PHP per semester to offset learning materials, transportation, and field training expenses. It requires 5 years of residency and an overall GWA of 82% (2.25) with no grades lower than 80%. Applications are handled through the Makati Education Department at City Hall.",LGU,Merit-and-Need,College,NCR,Makati,true,Public,STEM|Engineering|IT,IT and Engineering courses,300000,82,,,Low to Middle Income,false,2000,true,40000,BARANGAY_CERT|TOR|ITR,false,true,false,false,2026-06-01,2026-07-15,2026-2027,annual,2025-06-02,2025-07-20,true,makati_city_suc_priority_2026,application_status=open | confidence=high | link_quality=secondary,https://www.makati.gov.ph,Non-UMak SUC track for Makati residents emphasizing localized technical fields.
University of Makati Token Fee Exemption Program,University of Makati (UMak),gemini_research,https://www.umak.edu.ph,"The University of Makati (UMak) Token Fee Exemption Program serves as an institutional academic scholarship that waives the remaining standard token fees for high-performing student residents of Makati. Administered by the UMak Scholarship Office, applicants must achieve a GWA of 1.75 (88%) or better during their semester and maintain a full academic load. The program converts academic excellence directly into fully zeroed tuition liabilities and offers priority enlistment. Application is processed entirely internally through the UMak student portal at the close of every grading period.",Institutional,Merit-based,College,NCR,Makati,true,Public,STEM|Engineering|IT|Education|Medical|Business|Arts,All UMak college courses,250000,88,,,UMak Internals,true,,false,5000,TOR|GOOD_MORAL,false,false,false,false,2026-05-10,2026-06-25,2026-2027,semester,2025-05-15,2025-06-30,false,umak_token_fee_exemption_2026,application_status=closed_reference | confidence=high | link_quality=primary,https://www.umak.edu.ph/admissions/scholarships,UMak internal institutional merit track distinct from general LGU grants.
University of Makati Special Institutional Scholarship,University of Makati (UMak),gemini_research,https://www.umak.edu.ph,"UMak's Special Institutional Scholarship provides targeted need-and-affiliation assistance for unique sectors inside the university community, including registered PWD students, certified children of active Makati LGU employees, barangay officials, and student-artists in the UMak cultural troupe. It provides complete fee exemptions and a monthly book allowance of 1,000 PHP. Candidates must hold a GWA of 75% (passing) with no dropped or incomplete modules. Formal verification requires presenting civil service certificates or PWD IDs.",Institutional,Affiliation,College|TVET,NCR,Makati,true,Public,STEM|Engineering|IT|Education|Medical|Business|Arts,All UMak offerings,350000,75,,,PWD|LGU Dependents,true,1000,true,15000,BARANGAY_CERT|TOR|BIRTH_CERT,false,true,false,false,2026-05-10,2026-06-25,2026-2027,semester,2025-05-15,2025-06-30,false,umak_special_scholarship_2026,application_status=closed_reference | confidence=high | link_quality=primary,https://www.umak.edu.ph/admissions/scholarships,Affiliation-based institutional grant for specific Makati employee/PWD sectors.
Valenzuela City Dr. Pio Valenzuela Scholarship Program,Valenzuela City Government,gemini_research,https://valenzuela.gov.ph/drpioscholarship,"The Dr. Pio Valenzuela Scholarship Program is an intensive LGU merit-need initiative by the Valenzuela City Government. It targets financially challenged but academically elite student residents. Eligible individuals must have spent at least 4 consecutive years in Valenzuela City, graduated Senior High School with a GWA of 85% or higher, and hold zero grades lower than 85% in Grades 11 and 12. Crucially, the total annual household income must not exceed 120,000 PHP. The program awards a financial support grant of 30,000 PHP per year (15,000 PHP per semester) for tuition and school compliance. Portal submissions require uploading digital copies of ITR or Indigency certificates, Form 138/137, and Barangay clearance.",LGU,Merit-and-Need,College,NCR,Valenzuela,true,Public|Private,STEM|Engineering|IT|Education|Medical|Business|Agriculture|Arts,All undergraduate degrees,120000,85,,,Indigent Achievers,true,2000,true,30000,FORM_137|BARANGAY_CERT|ITR|BIRTH_CERT,true,true,false,false,2026-06-15,2026-07-31,2026-2027,annual,2025-06-20,2025-08-05,true,valenzuela_dr_pio_scholarship_2026,application_status=open | confidence=high | link_quality=primary,https://valenzuela.gov.ph/drpioscholarship|https://valenzuela.gov.ph/files/pdfs/scholarship_form.pdf,Strict local income cap (120k) LGU scholarship program with high GWA criteria.
Muntinlupa MOST Academic Scholarship,Muntinlupa Scholarship Division,gemini_research,https://www.muntinlupacity.gov.ph,"The Muntinlupa Outstanding Students (MOST) Scholarship is an elite academic grant given to the top 10 highest-ranking graduating Senior High School students from every public and private high school operating in Muntinlupa City. Managed by the Muntinlupa Scholarship Division (MSD), it applies strictly to individuals who secure entry into premier State Universities (such as UP Diliman/Los Banos) or top-tier private institutions. It offers absolute tuition coverage up to 100,000 PHP annually, alongside a high monthly stipend of 5,000 PHP. Academic maintenance is strictly tied to a GWA of 1.50 (90%) with zero failures. Applications require certified high school ranking documents and automated validation.",LGU,Merit-based,College,NCR,Muntinlupa,true,Public|Private,STEM|Engineering|IT|Education|Medical,Top tier national courses,500000,90,,,Top Valedictorians,true,5000,true,130000,FORM_137|GOOD_MORAL|BIRTH_CERT,true,true,true,false,2026-05-01,2026-06-15,2026-2027,annual,2025-05-05,2025-06-20,false,muntinlupa_most_scholarship_2026,application_status=closed_reference | confidence=high | link_quality=secondary,https://www.muntinlupacity.gov.ph,Highly selective top-10 graduation rank LGU merit award omitted in Round 1.
Muntinlupa CARES Financial Assistance Program,Muntinlupa Scholarship Division,gemini_research,https://www.muntinlupacity.gov.ph,"The Continuing Assistance for Reintegrating Students (CARES) is a equity-driven financial assistance mechanism for general college residents of Muntinlupa who are enrolled in public SUCs or local community colleges. It requires a baseline GWA of 80% (2.5) with no incomplete or failing grades. It disburses a direct financial support grant of 5,000 PHP per semester to cover transport and digital connectivity needs. Financial status is verified via Barangay Certificate of Indigency or low-income ITR. Registration occurs semestrally via the MSD localized offices.",LGU,Need,College,NCR,Muntinlupa,true,Public,STEM|Engineering|IT|Education|Medical|Business|Agriculture|Arts,All standard courses,200000,80,,,Low Income Residents,false,1000,false,10000,BARANGAY_CERT|TOR|4PS_CERT,false,false,false,false,2026-06-01,2026-07-20,2026-2027,semester,2026-01-10,2026-02-25,true,muntinlupa_cares_program_2026,application_status=open | confidence=high | link_quality=secondary,https://www.muntinlupacity.gov.ph,Broad need-based LGU assistance program operating in Muntinlupa.
NavotaAs Academic College Scholarship,Navotas City Government,gemini_research,https://www.navotas.gov.ph,"The NavotaAs Academic Scholarship Program is the baseline higher-education track for residents of Navotas City. It supports incoming first-year college students who graduated in the top 25% of their Senior High School class. Eligible applicants must have parents who are registered voters of Navotas. When utilized at the Navotas Polytechnic College (NPC), it yields full tuition exemption plus 22,000 PHP per year for allowances. If the student passes into other prominent universities outside Navotas, the grant upgrades to a merit value of 262,000 PHP per year to handle high tuition. Applications are manually screened by the Navotas Scholarship Secretariat.",LGU,Merit-based,College,NCR,Navotas,true,Public|Private,STEM|Engineering|IT|Education|Medical|Business|Agriculture|Arts,All accredited college paths,400000,88,,,Top Academic Quartile,true,2200,true,262000,FORM_137|BARANGAY_CERT|BIRTH_CERT,true,true,false,false,2026-06-01,2026-07-10,2026-2027,annual,2025-06-05,2025-07-15,true,navotas_academic_college_2026,application_status=open | confidence=high | link_quality=secondary,https://www.navotas.gov.ph,High-value LGU merit model expanding funding if studying outside the home city.
NavotaAs Fisherfolk Children Scholarship Track,Navotas City Government,gemini_research,https://www.navotas.gov.ph,"A sector-specific LGU track designed to extend educational equity to the children of registered municipal fisherfolk in Navotas City. Administered under the NavotaAs framework, applicants must submit a certified copy of their parent's Navotas Fisherfolk Registration ID or validation from the City Agriculture Office. Academic performance requires a standard passing GWA of 78%. It funds full college or TVET technical training at local institutes, along with a monthly sea-fare/allowance of 1,500 PHP. Highly recurring and designed to break generation poverty in maritime-coastal zones.",LGU,Need,College|TVET,NCR,Navotas,true,Public,STEM|Engineering|IT|Education|Medical|Business|Agriculture|Arts,All available courses,180000,78,,,Fisherfolk Children,true,1500,true,20000,BARANGAY_CERT|BIRTH_CERT|TOR,false,false,false,false,2026-06-01,2026-07-10,2026-2027,annual,2025-06-05,2025-07-15,true,navotas_fisherfolk_children_2026,application_status=open | confidence=high | link_quality=secondary,https://www.navotas.gov.ph,Specialized coastal equity LGU scholarship for fisherfolk dependents.
Marikina City Medical Scholarship Program,Marikina City Government,gemini_research,https://www.marikina.gov.ph,"The Marikina City Medical Scholarship Program is a localized government intervention to support aspiring medical doctors who reside in Marikina City. It covers full tuition and provides educational assistance up to 150,000 PHP per year for students accepted into partner Doctor of Medicine programs (including PLM, FEU-NRMF, UST, MCU, St. Luke's, Our Lady of Fatima University). Applicants must not exceed 30 years of age, must possess a clean record of good moral character, and maintain a household income below 600,000 PHP. Return service dictates that the recipient must practice medicine within the Marikina public healthcare network or city clinics for a duration matching the length of the scholarship.",LGU,Merit-and-Need,Graduate,NCR,Marikina,true,Private|Public,Medical,Doctor of Medicine (MD),600000,85,,30,Aspiring Physicians,true,4000,true,150000,TOR|BIRTH_CERT|GOOD_MORAL|ESSAY,true,true,true,true,2026-05-01,2026-06-15,2026-2027,annual,2025-05-10,2025-06-20,false,marikina_medical_scholarship_2026,application_status=closed_reference | confidence=high | link_quality=secondary,https://www.marikina.gov.ph,Targeted graduate medical track by Marikina LGU with explicit partner-school ties.
Parañaque City Tertiary Education Financial Assistance Program,Parañaque City Government,gemini_research,https://www.paranaquecity.gov.ph,"The Tertiary Education Financial Assistance Program (TEFAP) is an open-access equity grant run by the Parañaque LGU for resident college students. To fit varying academic profiles, the cash stipend scales directly with academic performance: students maintaining a GWA of 88% and above receive 6,000 PHP per semester, while those with a GWA between 80% and 87% receive 4,000 PHP per semester. Requirements demand 3 years of residency and a parent's voter registration record inside Parañaque. Online registrations are queued via the local city hall portal.",LGU,Merit-and-Need,College,NCR,Parañaque,true,Public|Private,STEM|Engineering|IT|Education|Medical|Business|Agriculture|Arts,All undergraduate paths,300000,80,,,General College Residents,false,,true,12000,BARANGAY_CERT|TOR|BIRTH_CERT,false,false,false,false,2026-07-01,2026-08-20,2026-2027,semester,2025-07-10,2025-08-25,true,paranaque_tefap_2026,application_status=opening_soon | confidence=medium | link_quality=secondary,https://www.paranaquecity.gov.ph,Scalable financial grant based on tiered GWA levels for Parañaque residents.
Cebu Province CP GIFTS Program,Cebu Provincial Government,gemini_research,https://www.cebu.gov.ph,"The Cebu Province Grants Intended for Tertiary Students (CP-GIFTS) is a massive provincial scholarship initiative under the Office of the Governor. It funds 5,900 concurrent slots for poor but deserving students living across the municipalities and component cities of Cebu Province. Applicants must study at designated SUCs, LUCs, or partner private schools within Cebu and maintain a minimum GWA of 85%. Household income must not cross 200,000 PHP annually. It grants a definitive flat sum of 10,000 PHP per semester for school requirements. A mandatory return component requires executing 160 hours of verified community civic service within the student's home municipality.",LGU,Need,College,Region VII - Central Visayas,,true,Public|Private,STEM|Engineering|IT|Education|Medical|Business|Agriculture|Arts,All accredited degrees in Cebu,200000,85,,,Provincial Rural Youth,false,,true,20000,BARANGAY_CERT|TOR|ITR,false,false,false,true,2026-06-01,2026-07-15,2026-2027,annual,2025-06-15,2025-07-30,true,cebu_province_cp_gifts_2026,application_status=open | confidence=high | link_quality=secondary,https://www.cebu.gov.ph|https://cebudailynews.inquirer.net,Substantial provincial equity program for Cebu with explicit community service hours.
Cebu City College Scholarship Program,Cebu City Government,gemini_research,https://www.cebucity.gov.ph,"The Cebu City College Scholarship Program (CCCSP) targets urban youth residents who graduated from public high schools located specifically within the north and south districts of Cebu City. It provides 10,000 PHP per semester for tuition if the recipient enrolls in accredited private universities, or 2,500 PHP per semester for books and uniform allowances if they enter tuition-free SUCs (like CTU or CNU). Requires a voter's certification from Cebu City and a minimum GWA of 80%. Applications are handled at the Cebu City Sports Complex scholarship secretariat.",LGU,Merit-and-Need,College,Region VII - Central Visayas,Cebu City,true,Public|Private,STEM|Engineering|IT|Education|Medical|Business|Agriculture|Arts,All undergraduate programs,350000,80,,,Urban Public High Graduates,true,,true,20000,FORM_137|BARANGAY_CERT|BIRTH_CERT,false,true,false,false,2026-05-15,2026-06-30,2026-2027,annual,2025-05-20,2025-07-05,false,cebu_city_cccsp_2026,application_status=closed_reference | confidence=high | link_quality=secondary,https://www.cebucity.gov.ph,Dedicated urban city scholarship dividing benefit values between public and private tracks.
Davao City STEP FA Category A,Davao City Government (EBSU),gemini_research,https://davaocity.gov.ph,"The Scholarship on Tertiary Education Program (STEP) Category A is the premier academic merit award administered by the Educational Benefit System Unit (EBSU) of Davao City. It targets high-achieving residents who attained an elite GWA of 93% or higher upon graduating Senior High School. It supplies a robust funding package of 25,000 PHP per semester to completely offset academic fees or serve as general living stipends. Financial standing is reviewed via the City Social Welfare and Development Office (CSWDO) indigency screening. Highly stable and recurring annually.",LGU,Merit-based,College,Region XI - Davao,Davao City,true,Public|Private,STEM|Engineering|IT|Education|Medical|Business,High priority developmental tracks,250000,93,,,Elite Mindanao Scholars,true,3000,true,50000,FORM_137|BARANGAY_CERT|BIRTH_CERT,true,true,false,false,2026-05-01,2026-06-15,2026-2027,annual,2025-05-10,2025-06-25,false,davao_city_step_cat_a_2026,application_status=closed_reference | confidence=high | link_quality=primary,https://davaocity.gov.ph/transparency/forms-and-reports/forms/ebsu-online-application,Davao EBSU top merit tier requiring a 93% GWA baseline.
Davao City STEP FA Category B,Davao City Government (EBSU),gemini_research,https://davaocity.gov.ph,"Administered by Davao City's EBSU, the STEP Category B serves as the mid-tier merit assistance channel. It requires a baseline GWA of 88% with zero grade deficiencies. It offers a flat grant of 20,000 PHP per semester (40,000 PHP annually) to help cover tuition and computing materials at any CHED-accredited college in Region XI. Candidates must verify local voter status and clear the household income check managed by the local social services office.",LGU,Merit-and-Need,College,Region XI - Davao,Davao City,true,Public|Private,STEM|Engineering|IT|Education|Medical|Business|Agriculture|Arts,All accredited college courses,300000,88,,,Middle Class Achievers,false,2000,true,40000,FORM_137|BARANGAY_CERT|ITR,false,true,false,false,2026-05-01,2026-06-15,2026-2027,annual,2025-05-10,2025-06-25,false,davao_city_step_cat_b_2026,application_status=closed_reference | confidence=high | link_quality=primary,https://davaocity.gov.ph/transparency/forms-and-reports/forms/ebsu-online-application,Davao EBSU mid-tier option with distinct financial caps and lower GWA bar.
Davao City STEP FA Category C,Davao City Government (EBSU),gemini_research,https://davaocity.gov.ph,"STEP Category C is a broad-access financial assistance tier by Davao City EBSU focused purely on educational access for lower-income groups. It operates under a standard academic barrier of a 80% passing GWA. It delivers a support fund of 7,500 PHP per semester (15,000 PHP annually) designed to buffer costs for students attending free public SUCs or local institutes. Application processing is synchronized with the main EBSU online schedule.",LGU,Need,College,Region XI - Davao,Davao City,true,Public,STEM|Engineering|IT|Education|Medical|Business|Agriculture|Arts,All standard programs,180000,80,,,Low Income Urban Youth,false,1000,false,15000,TOR|BARANGAY_CERT|4PS_CERT,false,false,false,false,2026-05-01,2026-06-15,2026-2027,annual,2025-05-10,2025-06-25,false,davao_city_step_cat_c_2026,application_status=closed_reference | confidence=high | link_quality=primary,https://davaocity.gov.ph/transparency/forms-and-reports/forms/ebsu-online-application,Davao EBSU mass equity level targeted at low-income college students.
Davao City Special Educational Assistance Program for Lumad,Davao City Government (EBSU),gemini_research,https://davaocity.gov.ph,"The Special Educational Assistance Program (SEAP) for Lumad is a targeted indigenous equity track run by Davao City EBSU. It is exclusively reserved for college students belonging to the recognized Indigenous Cultural Communities (IPs/Lumad) within ancestral domains of Davao City (such as the Ata, Matigsalug, Maranao, and Kagan tribes). It offers a full living subsidy of 15,000 PHP per semester alongside basic tuition assistance. The academic barrier requires a standard passing mark (75% GWA). Crucially, a formal Tribal Certification from the tribal chieftain and validation from the NCIP local office are mandatory documents.",LGU,Need,College|TVET,Region XI - Davao,Davao City,true,Public|Private,STEM|Engineering|IT|Education|Medical|Business|Agriculture|Arts,All courses,200000,75,,,Indigenous Peoples (Lumad),false,2000,true,30000,BARANGAY_CERT|BIRTH_CERT|TOR,false,false,false,false,2026-05-01,2026-06-15,2026-2027,annual,2025-05-10,2025-06-25,false,davao_city_ebsu_lumad_2026,application_status=closed_reference | confidence=high | link_quality=primary,https://davaocity.gov.ph/transparency/forms-and-reports/forms/ebsu-online-application,Targeted indigenous track under Davao LGU requiring formal Chieftain/NCIP certification.
Davao City Medical and Law Education Assistance Program,Davao City Government (EBSU),gemini_research,https://davaocity.gov.ph,"This postgraduate track funded by the Davao City Government supports resident college graduates pursuing higher professional degrees in Doctor of Medicine (MD) or Juris Doctor (JD) within institutions located in Davao City (such as DMSF, Ateneo de Davao Law). It supplies substantial funding up to 50,000 PHP per semester to directly offset high professional tuition costs. Applicants must pass a screening panel, present an NMAT or Law School Admission test result, and possess a solid undergraduate GWA of 85%. Requires a corresponding 1-year return service within Davao City offices or city public health units for each year of grant support.",LGU,Merit-based,Graduate,Region XI - Davao,Davao City,true,Private|Public,Medical,Doctor of Medicine|Juris Doctor,500000,85,,,Law and Medicine Students,true,4000,true,100000,TOR|BIRTH_CERT|GOOD_MORAL|ESSAY,true,true,true,true,2026-04-15,2026-05-30,2026-2027,annual,2025-04-20,2025-06-05,false,davao_city_medical_law_2026,application_status=closed_reference | confidence=high | link_quality=primary,https://davaocity.gov.ph/transparency/forms-and-reports/forms/ebsu-online-application,Elite postgraduate LGU track explicitly for medical and legal tracks with service rules.
Bislig City Collegiate Scholarship Program,Bislig City Government,gemini_research,https://www.bislig.gov.ph,"The Bislig City Scholarship Program (BCSP) is a localized LGU mandate in Caraga Region enacted to finance undergraduate degrees for local youths. Applicants must confirm 3 consecutive years of residency in Bislig City, present a clean barangay record, and maintain a GWA of 82% throughout college. It provides a flat 12,000 PHP annual educational grant to assist with registration expenses. Submissions are queued physically at the Bislig City Higher Education Desk or via their primary LGU landing page.",LGU,Merit-and-Need,College,Region XIII - Caraga,Bislig,true,Public|Private,STEM|Engineering|IT|Education|Medical|Business|Agriculture|Arts,All undergraduate tracks,240000,82,,,Provincial Achievers,false,,true,12000,BARANGAY_CERT|TOR|BIRTH_CERT,false,true,false,false,2026-06-01,2026-07-20,2026-2027,annual,2025-06-10,2025-07-25,true,bislig_city_collegiate_2026,application_status=open | confidence=medium | link_quality=secondary,https://www.bislig.gov.ph,Localized Caraga region LGU collegiate grant omitted from standard lists.
Tabuk City College Academic Scholarship,Tabuk City Government,gemini_research,https://www.tabuk.gov.ph,"Established under Tabuk City Ordinance No. 02 Series of 2018, this program supports tertiary students residing in Tabuk City, Kalinga Province (CAR). It targets low-income households with a maximum annual income cap of 120,000 PHP. Students must maintain a passing GWA of 75% with zero dropped classes to remain qualified. It awards a flat-rate cash assistance grant of 4,000 PHP per semester directly paid to students to handle living costs. Applications are reviewed by the Tabuk City Scholarship Committee at the City Youth and Sports Development Office.",LGU,Need,College,CAR,Tabuk,true,Public|Private,STEM|Engineering|IT|Education|Medical|Business|Agriculture|Arts,All standard tracks,120000,75,,,CAR Indigenous Youth,false,,true,8000,BARANGAY_CERT|TOR|ITR,false,false,false,false,2026-07-01,2026-08-31,2026-2027,semester,2025-07-05,2025-09-02,true,tabuk_city_college_academic_2026,application_status=opening_soon | confidence=high | link_quality=secondary,https://www.tabuk.gov.ph,Enacted by specific localized city ordinance in Kalinga CAR; low-income target.
Ateneo de Manila University Financial Aid Grant,Ateneo de Manila University,gemini_research,https://www.ateneo.edu,"The Ateneo de Manila University College Financial Aid Grant is a premium institutional program covering 100%, 75%, 50%, or 25% of tuition and laboratory fees for undergraduate students displaying high academic potential but deep financial need. Administered by the Office of Admission and Aid (OAA), applicants must submit comprehensive household assets records, utility bills, and parents' ITRs. It includes an option for a monthly living allowance of 3,000 PHP and book allowances for absolute 100% grant recipients. Renewal requires an annual review of the family's financial standing and keeping a minimum GWA of 78% (2.0 QPI) with no failing marks. Highly structured and opens annually in September for the subsequent academic year.",Institutional,Need,College,NCR,,false,Private,STEM|Engineering|IT|Education|Medical|Business|Agriculture|Arts,All ADMU undergraduate courses,500000,78,,,High Need Achievers,true,3000,true,180000,ITR|BARANGAY_CERT|TOR|ESSAY,false,true,true,false,2026-09-01,2026-11-15,2027-2028,annual,2025-09-05,2025-11-20,true,admu_financial_aid_2026,application_status=recurring_unopened | confidence=high | link_quality=primary,https://www.ateneo.edu/college/admissions/scholarships,Comprehensive institutional need-based grant by ADMU with scalable tuition brackets.
Ateneo Freshman Merit Scholarship,Ateneo de Manila University,gemini_research,https://www.ateneo.edu,"The Ateneo Freshman Merit Scholarship is awarded annually to the top 50 absolute highest-performing applicants who excel in the Ateneo College Entrance Test (ACET) nationwide. Selected automatically by the OAA without requiring a separate application form, this elite award grants 100% full tuition exemption, waives all institutional miscellaneous fees, and grants a flat book allowance of 10,000 PHP per year. Academic retention is strictly audited, requiring a minimum QPI of 3.0 (90% normalized GWA) and active leadership participation within approved campus organizations.",Institutional,Merit-based,College,,,false,Private,STEM|Engineering|IT|Education|Medical|Business|Agriculture|Arts,All ADMU undergraduate programs,,90,,,Top ACET Performers,true,,true,160000,TOR|GOOD_MORAL,true,false,false,false,2026-09-01,2026-11-15,2027-2028,annual,2025-09-05,2025-11-20,true,ateneo_freshman_merit_2026,application_status=recurring_unopened | confidence=high | link_quality=primary,https://www.ateneo.edu/college/admissions/scholarships,Elite merit award for top 50 ACET examinees with elevated GWA standards.
Ateneo Directors List Scholarship,Ateneo de Manila University,gemini_research,https://www.ateneo.edu,"The Director's List Scholarship is extended by the Ateneo OAA to the next tier of top-ranking ACET examinees (top 51-150 nationwide). It grants an annual flat-rate educational stipend of 100,000 PHP directly credited to the recipient's tuition or disbursed as cash allowance across semesters. No financial indicators are used for selection. Recipients must preserve a minimum QPI of 2.50 (83% normalized GWA) and avoid any academic or disciplinary probationary states.",Institutional,Merit-based,College,,,false,Private,STEM|Engineering|IT|Education|Medical|Business|Agriculture|Arts,All undergraduate majors,,83,,,,false,,false,100000,TOR,true,false,false,false,2026-09-01,2026-11-15,2027-2028,annual,2025-09-05,2025-11-20,true,ateneo_directors_list_2026,application_status=recurring_unopened | confidence=high | link_quality=primary,https://www.ateneo.edu/college/admissions/scholarships,Automatic merit track for top 150 ACET scorers providing a flat 100k annual stipend.
Ateneo Magis Scholarship,Ateneo de Manila University,gemini_research,https://www.ateneo.edu,"The Ateneo Magis Scholarship is a specialized institutional track specifically reserved for high-achieving graduates of public high schools nationwide who showcase outstanding leadership profiles and financial need. It provides 100% tuition and fee coverage, an allocated monthly living stipend of 4,000 PHP, full book allowances, and on-campus dormitory accommodation at the Cervini or Eliazo Halls if the student is from the provinces. Application requires public school principal endorsement, ACET certification, and thorough interview evaluations.",Institutional,Merit-and-Need,College,,,false,Private,STEM|Engineering|IT|Education|Medical|Business|Agriculture|Arts,All undergraduate paths,250000,85,,,Public High School Grads,true,4000,true,220000,ITR|BARANGAY_CERT|FORM_137|ESSAY,true,true,true,false,2026-09-01,2026-11-15,2027-2028,annual,2025-09-05,2025-11-20,true,ateneo_magis_scholarship_2026,application_status=recurring_unopened | confidence=high | link_quality=primary,https://www.ateneo.edu/college/admissions/scholarships,Targeted public school equity track including fully funded dorm provisions.
Ateneo Law School Financial Aid Program,Ateneo Law School,gemini_research,https://www.ateneo.edu,"The Ateneo Law School Financial Aid Program provides tuition assistance grants ranging from 25% to 100% for students enrolled in the Juris Doctor (JD) program at the Rockwell campus. Managed by the ALS Scholarship Committee, awards are heavily based on exceptional undergraduate academic honors, high scores in the Philippine Law School Admission test, and certified financial need. Maintenance requires keeping a minimum yearly weighted average of 82 (passing) and fulfilling service hours within the ALS legal aid clinics or administrative units.",Institutional,Merit-and-Need,Graduate,NCR,,false,Private,Business,Juris Doctor (JD),600000,82,,,Aspiring Lawyers,true,,false,120000,TOR|ITR|GOOD_MORAL|ESSAY,false,true,true,false,2026-04-01,2026-05-30,2026-2027,annual,2025-04-10,2025-06-02,false,ateneo_law_financial_aid_2026,application_status=closed_reference | confidence=high | link_quality=primary,https://www.ateneo.edu/als/admissions/scholarships,Postgraduate professional law track grant distinct from undergraduate lines.
DLSU St La Salle Financial Assistance Grant,De La Salle University,gemini_research,https://www.dlsu.edu.ph,"The St. La Salle Financial Assistance Grant is De La Salle University's primary need-based equity tool for undergraduate college students. Administered by the Oasis-Scholarships and Financial Assistance Hub (OASFAH), it provides full or partial tuition and fee waivers. Eligible applicants must prove a combined annual family income below 700,000 PHP and submit standard academic records showing a GWA of 85% or above with no failures. It includes a monthly allowance of 3,500 PHP for absolute 100% grantees. Portals open semestrally for current students and annually for incoming freshmen.",Institutional,Need,College,,,false,Private,STEM|Engineering|IT|Education|Medical|Business|Arts,All undergraduate degree courses,700000,85,,,High Financial Need,true,3500,true,180000,ITR|BARANGAY_CERT|TOR|BIRTH_CERT,true,true,false,false,2026-06-01,2026-07-15,2026-2027,semester,2026-01-10,2026-02-20,true,dlsu_st_la_salle_grant_2026,application_status=open | confidence=high | link_quality=primary,https://www.dlsu.edu.ph/scholarships/st-la-salle-financial-assistance-grant,DLSU baseline institutional need-based grant with distinct token funding framework.
DLSU Star Scholars Program,De La Salle University,gemini_research,https://www.dlsu.edu.ph,"The DLSU Star Scholars Program is an elite academic recruitment track that signs the absolute top scorers of the DLSU College Admission Test (DCAT) nationwide. It waives 100% of all tuition, laboratory, and miscellaneous fees for the entire duration of the program, supplies a monthly cash living stipend of 8,000 PHP, a specialized laptop computer allowance upon entry, and guaranteed faculty mentorship for undergraduate research. Academic retention mandates a strict cumulative GWA of 3.0 out of 4.0 (90% normalized) with zero dropped courses.",Institutional,Merit-based,College,,,false,Private,STEM|Engineering|IT|Education|Medical|Business|Arts,All undergraduate offerings,,90,,,Elite DCAT Performers,true,8000,true,250000,TOR|GOOD_MORAL,true,true,false,false,2026-05-01,2026-06-30,2026-2027,annual,2025-05-15,2025-07-05,false,dlsu_star_scholars_2026,application_status=closed_reference | confidence=high | link_quality=primary,https://www.dlsu.edu.ph/scholarships/the-star-scholars-program,"Automatic high-value merit recruitment model with 8,000 PHP monthly stipends."
DLSU Vaugirard Scholarship Program,De La Salle University,gemini_research,https://www.dlsu.edu.ph,"The Vaugirard Scholarship Program is exclusively targeted at exceptional graduates of Philippine public high schools who emerged as the top academic scorers in the DCAT. It completely bridges equity and excellence by presenting 100% free tuition and institutional fee waivers, a monthly allowance of 4,000 PHP, and specialized academic counseling. Eligible applicants must be formally certified by their public high school principals and pass the OASFAH panel verification.",Institutional,Merit-and-Need,College,,,false,Private,STEM|Engineering|IT|Education|Medical|Business|Arts,All undergraduate degrees,300000,88,,,Public High School Grads,true,4000,true,190000,FORM_137|BARANGAY_CERT|BIRTH_CERT,true,true,false,false,2026-05-01,2026-06-30,2026-2027,annual,2025-05-15,2025-07-05,false,dlsu_vaugirard_scholarship_2026,application_status=closed_reference | confidence=high | link_quality=primary,https://www.dlsu.edu.ph/scholarships/vaugirard-scholarship-program,DLSU public high school exclusive merit-need program omitted in Round 1.
DLSU Archer Achievers Scholarship,De La Salle University,gemini_research,https://www.dlsu.edu.ph,"The Archer Achievers Scholarship is automatically extended by DLSU to students who graduate as the absolute valedictorians and salutatorians of top-performing high schools accredited by the university. It automatically confers a 100% tuition waiver for the student's selected undergraduate curriculum. No separate financial files are required, but students must preserve a high semestral GWA of 2.50 out of 4.0 (83% normalized) to sustain the benefit across academic years.",Institutional,Merit-based,College,,,false,Private,STEM|Engineering|IT|Education|Medical|Business|Arts,All undergraduate tracks,,83,,,High School Valedictorians,true,,false,140000,TOR|GOOD_MORAL,true,false,false,false,2026-05-01,2026-06-30,2026-2027,annual,2025-05-15,2025-07-05,false,dlsu_archer_achievers_2026,application_status=closed_reference | confidence=high | link_quality=primary,https://www.dlsu.edu.ph/scholarships/archer-achievers,Automatic merit track recognizing top high school graduates with zero service rules.
UST San Lorenzo Ruiz Student Assistance Scholarship,University of Santo Tomas,gemini_research,https://manila.ust.edu.ph,"The San Lorenzo Ruiz Student Assistance Scholarship is the University of Santo Tomas' premier internal working scholarship program managed by the Office for Student Affairs (OSA). It caters to regular UST college students who possess financial need and are willing to render 20 to 30 hours of service per week within university offices, laboratories, or libraries. It presents a 100% full waiver of tuition and miscellaneous fees, plus a basic hourly stipend. Applicants must maintain a minimum GWA of 82% (2.25) with zero failures. Highly structured and recurring every semester.",Institutional,Affiliation,College,NCR,,false,Private,STEM|Engineering|IT|Education|Medical|Business|Arts,All UST college programs,250000,82,,,Student Assistants,true,,true,60000,TOR|BARANGAY_CERT|GOOD_MORAL|ITR,false,true,false,false,2026-05-15,2026-06-30,2026-2027,semester,2025-05-20,2025-07-02,false,ust_san_lorenzo_ruiz_2026,application_status=closed_reference | confidence=high | link_quality=primary,https://manila.ust.edu.ph/osawebapp/osainfo-scholarshipoffered,UST internal working student track requiring office hours in exchange for tuition.
UST San Martin de Porres Equity Scholarship,University of Santo Tomas,gemini_research,https://manila.ust.edu.ph,"The San Martin de Porres Scholarship is UST's foundational equity framework designed for financially marginalized students. Split into internal and external funds, it offers partial to full tuition waivers based on audited household documentation. Eligible candidates must have a GWA of 85% or better and a household annual income below 300,000 PHP. Submissions are processed online through the UST OSA web portal at the start of each academic year.",Institutional,Need,College,NCR,,false,Private,STEM|Engineering|IT|Education|Medical|Business|Arts,All undergraduate degrees,300000,85,,,Low Income Catholics,true,,false,45000,ITR|BARANGAY_CERT|TOR,false,true,false,false,2026-06-10,2026-07-25,2026-2027,annual,2025-06-15,2025-08-02,true,ust_san_martin_de_porres_2026,application_status=open | confidence=high | link_quality=primary,https://manila.ust.edu.ph/osawebapp/osainfo-scholarshipoffered,UST central need-based equity option with explicit income screening.
UST Santo Tomas Academic Scholarship,University of Santo Tomas,gemini_research,https://manila.ust.edu.ph,"The Santo Tomas Academic Scholarship is awarded to incoming freshmen who graduated as Valedictorians (100% tuition coverage) or Salutatorians (50% tuition coverage) of their high school classes. Validated through the UST OSA, recipients must pass the UST Entrance Test (USTET) and secure regular status enrollment. Retention mandates keeping a clean disciplinary record and a high semestral GWA of 1.75 or better (88% normalized). No financial background checks are applied.",Institutional,Merit-based,College,NCR,,false,Private,STEM|Engineering|IT|Education|Medical|Business|Arts,All university programs,,88,,,High School Honor Grads,true,,false,100000,FORM_137|GOOD_MORAL,true,false,false,false,2026-05-15,2026-06-30,2026-2027,annual,2025-05-20,2025-07-02,false,ust_santo_tomas_academic_2026,application_status=closed_reference | confidence=high | link_quality=primary,https://manila.ust.edu.ph/osawebapp/osainfo-scholarshipoffered,UST baseline automatic merit track for top high school grads.
Mindanao State University SASE Academic Scholarship,Mindanao State University System,gemini_research,https://www.msumain.edu.ph,"The Mindanao State University System Academic Scholarship is awarded to incoming undergraduate freshmen who score in the top 5% of the annual MSU System Admission and Scholarship Examination (SASE) across Mindanao. Administered by the MSU Admissions Office, it offers full institutional tuition waivers, free dormitory lodging within the university campus, and a semestral book allowance. Grantees must maintain a GWA of 2.0 (85%) per semester to sustain benefits. This program forms a vital pipeline for students in conflict-affected regions.",Institutional,Merit-based,College,BARMM|Region IX - Zamboanga Peninsula|Region X - Northern Mindanao|Region XI - Davao|Region XII - Soccsksargen|Region XIII - Caraga,,false,Public,STEM|Engineering|IT|Education|Medical|Business|Agriculture|Arts,All undergraduate tracks,,85,,,Mindanao Youth,true,,true,20000,TOR|GOOD_MORAL,true,false,false,false,2026-03-01,2026-05-15,2026-2027,annual,2025-03-10,2025-05-20,false,msu_sase_academic_2026,application_status=closed_reference | confidence=high | link_quality=secondary,https://www.msumain.edu.ph,MSU system-wide elite SASE exam award offering full tuition and dorm allocations.
NCIP Educational Assistance Program Degree Track,National Commission on Indigenous Peoples,gemini_research,https://ncip.gov.ph,"The National Commission on Indigenous Peoples Educational Assistance Program (NCIP-EAP) Degree Track is a mandated sector-specific government program designed under NCIP Administrative Order No. 5 Series of 2012 and upgraded via AO No. 6 Series of 2023. It aims to extend tertiary educational access to recognized members of Indigenous Cultural Communities (ICCs/IPs) nationwide. Eligible candidates must secure a Certificate of Confirmation (COCO) from the NCIP Provincial/Regional Office confirming tribal identity. The academic bar requires a general passing GWA of 75% with zero dropped modules. It supplies an annual educational subsidy of 10,000 PHP to 20,000 PHP disbursed through regional offices to offset books, uniform, and field research. Highly recurring cycle synchronized with the fiscal year.",Government,Need,College,,,true,Public|Private,STEM|Engineering|IT|Education|Medical|Business|Agriculture|Arts,All undergraduate pathways,200000,75,,,Indigenous Peoples (IP),false,,true,20000,BARANGAY_CERT|BIRTH_CERT|TOR,false,false,false,false,2026-06-01,2026-08-15,2026-2027,annual,2025-06-10,2025-08-20,true,ncip_eap_degree_2026,application_status=open | confidence=high | link_quality=primary,https://ncip.gov.ph|https://eais.ncip.gov.ph,Mandated national sector program for IPs requiring a Certificate of Confirmation.
NCIP Merit Based Scholarship Program,National Commission on Indigenous Peoples,gemini_research,https://ncip.gov.ph,"The NCIP Merit-Based Scholarship Program (NCIP-MBS) is a high-tier academic track within the commission reserved for outstanding IP students pursuing competitive national degrees (specifically STEM, Engineering, or Agriculture). Unlike the EAP, the MBS enforces a strict GWA requirement of 85% or higher and puts applicants through a competitive regional examination. It grants an expanded benefit package of 30,000 PHP per year to handle tuition balances or modern learning devices. Administered via the NCIP Bureau of Socio-Economic Literacy and Culture.",Government,Merit-based,College,,,true,Public|Private,STEM|Engineering|Agriculture,STEM and Agriculture tracks,300000,85,,,IP Academic Achievers,true,,true,30000,BARANGAY_CERT|TOR|GOOD_MORAL,true,true,false,false,2026-06-01,2026-08-15,2026-2027,annual,2025-06-10,2025-08-20,true,ncip_mbs_merit_2026,application_status=open | confidence=high | link_quality=primary,https://ncip.gov.ph|https://eais.ncip.gov.ph,Elite competitive track within NCIP with strict 85% GWA and entry testing.
DOH Medical Scholarship and Return Service Program,Department of Health,gemini_research,https://doh.gov.ph,"The DOH Medical Scholarship and Return Service (MSRS) Program is a major sector-specific government intervention operating under the 'Doktor Para sa Bayan' Act (RA 11509) in partnership with CHED. It funds full medical education (Doctor of Medicine) for qualified Filipino students across certified state and partner private universities. It covers 100% of tuition, laboratory fees, provides a high monthly living allowance of 15,000 PHP, a specialized book/equipment allowance of 20,000 PHP per semester, and basic board exam review subsidies. Eligible applicants must hold a Bachelor's degree with a solid GWA, pass the medical school entrance and NMAT, and prioritize low-income roots or origin from underserved rural towns. Return service requires serving as a public health officer in a government hospital or rural health unit (RHU) for 1 year for every year of scholarship.",Government,Merit-and-Need,Graduate,,,false,Public|Private,Medical,Doctor of Medicine (MD),600000,85,,,Rural Public Health,true,15000,true,250000,TOR|BIRTH_CERT|GOOD_MORAL|ITR|ESSAY,true,true,true,true,2026-05-01,2026-06-30,2026-2027,annual,2025-05-15,2025-07-05,false,doh_msrs_doctor_2026,application_status=closed_reference | confidence=high | link_quality=primary,https://doh.gov.ph|https://ched.gov.ph,National statutory medical track under RA 11509 with comprehensive returns.
Department of Agriculture ACEF GIAHEP SUC Track,Department of Agriculture,gemini_research,https://da.gov.ph,"The Agricultural Competitiveness Enhancement Fund Grants-in-Aid for Higher Education Program (ACEF-GIAHEP) SUC Track is a targeted government financial aid tool managed by the Department of Agriculture in compliance with RA 10848. It extends funding to children of registered small farmers, fisherfolk, and agrarian reform beneficiaries who are enrolled in State Universities and Colleges. It covers educational assistance for specific courses in agriculture, agribusiness, agricultural engineering, and fisheries science. Requires a minimum GWA of 75% and presentation of the parent's RSBSA (Registry System for Basic Sectors in Agriculture) certificate. Disburses a flat rate of 15,000 PHP per semester.",Government,Need,College,,,false,Public,Agriculture|Engineering,Agriculture and Agribusiness,200000,75,,,Farmers and Fishers Dependents,true,,true,30000,BARANGAY_CERT|TOR|BIRTH_CERT,false,false,false,false,2026-06-15,2026-08-15,2026-2027,annual,2025-06-20,2025-08-25,true,da_acef_giahep_suc_2026,application_status=open | confidence=high | link_quality=primary,https://da.gov.ph|https://ched.gov.ph,Statutory DA fund under RA 10848 requiring RSBSA registration profiles.
OWWA Educational Livelihood Assistance Program College Track,Overseas Workers Welfare Administration,gemini_research,https://owwa.gov.ph,"The OWWA Educational Livelihood Assistance Program (ELAP) College Track is an allocation reserved for the children or dependents of active or deceased Overseas Filipino Workers (OFWs) who faced sudden distress, repatriation, or death while serving abroad. Distinct from the EDSP/ODSP merit lines, ELAP operates primarily as a livelihood-linked equity framework. It guarantees an educational subsidy of 10,000 PHP per year for the designated student dependent enrolled in any undergraduate college or technical track. Academic evaluation relies on basic passing marks (75% GWA) with no explicit ranking requirements. Online processing must clear the OWWA Regional Welfare Offices.",Government,Need,College|TVET,,,false,Public|Private,STEM|Engineering|IT|Education|Medical|Business|Agriculture|Arts,All accredited lines,250000,75,,,Distressed OFW Dependents,false,,false,,OFW_DOCS|BARANGAY_CERT|BIRTH_CERT|TOR,false,false,false,false,2026-05-01,2026-07-15,2026-2027,annual,2025-05-05,2025-07-20,true,owwa_elap_college_2026,application_status=open | confidence=high | link_quality=primary,https://owwa.gov.ph|https://ro1.owwa.gov.ph,OWWA humanitarian track for distressed/repatriated OFW children; low barrier.
AFPEBSO DND CHED PASUC Scholarship,Armed Forces of the Philippines (AFPEBSO),gemini_research,https://afpeebso.org,"The AFPEBSO DND-CHED-PASUC Scholarship is a special sector-specific inter-agency government program managed by the Armed Forces of the Philippines Educational Benefit System Office. It extends 100% tuition and fee exemptions at any public State University or College (SUC) for the legitimate children and direct dependents of active-duty, retired, or deceased AFP military personnel. Academic requirements mandate a baseline GWA of 80% (2.5) with zero failures. Financial constraints are secondary to the parent's military service record. Portals accept applications annually from May to July.",Government,Affiliation,College,,,true,Public,STEM|Engineering|IT|Education|Medical|Business|Agriculture|Arts,All SUC undergraduate paths,,80,,,Military Dependents,true,,false,15000,BARANGAY_CERT|TOR|BIRTH_CERT,false,true,false,false,2026-05-01,2026-07-15,2026-2027,annual,2025-05-10,2025-07-20,true,afpebso_dnd_ched_pasuc_2026,application_status=open | confidence=high | link_quality=primary,https://www.afp.mil.ph|https://ched.gov.ph,AFP sector program in partnership with CHED for SUC placements.
AFPSLAI Educational Grant Program,Armed Forces of the Philippines (AFPSLAI),gemini_research,https://www.afpslai.com.ph,"The AFPSLAI Educational Grant Program (EGP) is an affiliation-based financial assistance platform run by the Armed Forces and Police Savings and Loan Association, Inc. It caters to the children and dependents of active or retired military personnel, PNP officers, and uniformed service members who are registered members of AFPSLAI. It delivers a comprehensive flat financial subsidy of 25,000 PHP per semester (50,000 PHP annually) directly to the student to offset undergraduate expenses. Candidates must post a minimum GWA of 85% and possess a clean disciplinary record. Submissions clear through AFPSLAI regional branch hubs.",Private,Affiliation,College,,,false,Public|Private,STEM|Engineering|IT|Education|Medical|Business|Agriculture|Arts,All undergraduate tracks,500000,85,,,Uniformed Service Dependents,false,,true,50000,TOR|BIRTH_CERT|GOOD_MORAL,false,false,false,false,2026-05-15,2026-07-10,2026-2027,annual,2025-05-20,2025-07-15,true,afpslai_egp_grant_2026,application_status=open | confidence=high | link_quality=primary,https://www.afpslai.com.ph,Uniformed service savings-association dependent award; high financial stability.
DSWD AICS Educational Assistance,Department of Social Welfare and Development,gemini_research,https://www.dswd.gov.ph,"The DSWD Assistance to Individuals in Crisis Situation (AICS) Educational Assistance is a specialized cash intervention program designed for students experiencing extreme economic shock, sudden death of a breadwinner, abandonment, or loss of livelihood due to national disasters. Operated directly through the DSWD Crisis Intervention Units (CIU) or Social Welfare Operations Hubs, it provides a one-time cash grant ranging from 1,000 PHP (Elementary), 2,000 PHP (High School), 3,000 PHP (Senior High), to 4,000 PHP (College/TVET) per semester. Selection ignores GWA rankings but strictly requires an active Case Study Report or Certificate of Indigency from the local MSWDO.",Government,Need,Grade 11|Grade 12|College|TVET|Graduate,,,false,Public|Private,STEM|Engineering|IT|Education|Medical|Business|Agriculture|Arts,All educational lines,150000,,,,Students in Crisis,false,,true,4000,BARANGAY_CERT|BIRTH_CERT|4PS_CERT|TOR,false,false,false,false,2026-01-01,2026-12-31,2026-2027,rolling,2025-01-05,2025-12-28,true,dswd_aics_educational_2026,application_status=open | confidence=high | link_quality=primary,https://www.dswd.gov.ph,One-time crisis-driven humanitarian cash grant with rolling application schedules.
Megaworld Foundation Scholarship Program,Megaworld Foundation,gemini_research,https://www.megaworldfoundation.com,"The Megaworld Foundation Scholarship Program is a high-impact mid-market corporate financial assistance framework that funds full undergraduate degrees for underprivileged youths across partner universities in Metro Manila and key regions. It covers 100% of actual tuition and institutional fees, and issues a monthly stipend of 2,500 PHP. Eligible candidates must maintain a GWA of 85% (2.0) with zero dropped subjects and possess a total combined annual household income not exceeding 400,000 PHP. Applications are routed through the Megaworld online portal, requiring an essay on community development and an executive interview.",Private,Merit-and-Need,College,NCR|Region III - Central Luzon|Region IV-A - Calabarzon|Region VI - Western Visayas|Region VII - Central Visayas,,false,Public|Private,STEM|Engineering|IT|Business|Arts,Engineering Architecture and Tech,400000,85,,,Underprivileged Youth,true,2500,false,120000,ITR|BARANGAY_CERT|TOR|ESSAY,false,true,true,false,2026-05-15,2026-07-15,2026-2027,annual,2025-05-20,2025-07-22,true,megaworld_foundation_2026,application_status=open | confidence=high | link_quality=primary,https://www.megaworldfoundation.com,Corporate foundation program targeting urban engineering and tech tracks.
Security Bank Foundation State Universities Scholarship,Security Bank Foundation,gemini_research,https://www.securitybank.com,"The Security Bank Foundation 'Scholars for Better Communities' State Universities Scholarship provides full educational stipends to low-income student leaders enrolled in partner public SUCs (such as UP Diliman, MSU, or regional centers). It provides a high flat allowance of 50,000 PHP per year to cover learning modules, laptops, and transit costs. Applicants must present a GWA of 85% or higher, zero failed subjects, and clear an interview with Security Bank HR personnel. No return service is mandated, but scholars receive priority onboarding for corporate internships.",Private,Merit-and-Need,College,,,false,Public,STEM|Business|IT,Finance Accounting and IT courses,350000,85,,,Low Income Achievers,false,,true,50000,TOR|BIRTH_CERT|GOOD_MORAL|ITR,false,true,false,false,2026-04-15,2026-06-15,2026-2027,annual,2025-04-20,2025-06-25,false,security_bank_snb_suc_2026,application_status=closed_reference | confidence=high | link_quality=primary,https://www.securitybank.com/foundation/scholars-for-better-communities,Mid-market financial corporate grant supporting public SUC courses.
Security Bank Foundation Agency Personnel Scholarship,Security Bank Foundation,gemini_research,https://www.securitybank.com,"This unique corporate affiliation-based scholarship track is exclusively reserved for the legitimate children and dependents of Security Bank's third-party agency personnel (including dedicated security guards, janitorial workers, and building maintenance staff). It extends a direct annual educational allowance of 30,000 PHP for undergraduate studies to ease school costs for working-class contractor families. Requires a minimum passing GWA of 80% and validation of the parent's active employment contract with the bank's agency partner.",Private,Affiliation,College,,,false,Public|Private,STEM|Engineering|IT|Education|Medical|Business|Agriculture|Arts,All undergrad programs,250000,80,,,Agency Worker Children,false,,true,30000,BIRTH_CERT|TOR|BARANGAY_CERT,false,false,false,false,2026-04-15,2026-06-15,2026-2027,annual,2025-04-20,2025-06-25,false,security_bank_agency_dep_2026,application_status=closed_reference | confidence=high | link_quality=primary,https://www.securitybank.com/foundation/scholars-for-better-communities,Affiliation corporate program targeting bank contractor/agency staff children.
Caritas Manila YSLEP Scholarship Program,Caritas Manila,gemini_research,https://www.caritasmanila.org.ph,"The Youth Servant Leadership and Education Program (YSLEP) is Caritas Manila's primary church-backed financial aid and leadership development initiative. Operating across Catholic dioceses nationwide, it supports poor and marginalized college and TVET students. It pays partial tuition up to 25,000 PHP per year and distributes a modest monthly allowance. Distinctively, selection prioritizes urban-slum families, 4Ps members, and indigenous youth. Recipients must join monthly leadership seminars, church volunteer hours, and community organizing programs. Academic criteria require a baseline 80% GWA with zero failures.",Private,Need,College|TVET,,,false,Public|Private,STEM|Engineering|IT|Education|Medical|Business|Agriculture|Arts,All approved courses,180000,80,,,4Ps|Urban Slum Youth,true,1000,true,35000,BARANGAY_CERT|4PS_CERT|TOR|BIRTH_CERT,false,true,false,true,2026-05-01,2026-07-15,2026-2027,annual,2025-05-10,2025-07-20,true,caritas_manila_yslep_2026,application_status=open | confidence=high | link_quality=primary,https://www.caritasmanila.org.ph|https://www.caritas.org,Church-backed development grant integrating civic volunteer hours.
TESDA Training for Work Scholarship Program,Technical Education and Skills Development Authority,gemini_research,https://tesda.gov.ph,"The TESDA Training for Work Scholarship Program (TWSP) is a major sector-specific national TVET pipeline designed to fulfill critical skills requirements in high-growth industries such as IT-BPO, electronics, tourism, and metal engineering. Fully funded by the national government, it covers 100% of the training and instructional fees for short-term tech-voc modules (ranging from 1 to 6 months). Additionally, it distributes a daily training allowance of 160 PHP and provides full coverage for the National Assessment fee. Open to all Filipinos aged 18 and above with a high school diploma. Applications are processed directly through TESDA Regional Offices or accredited tech-voc institutions.",Government,Need,TVET,,,true,Public|Private,IT|Engineering,Short term tech voc modules,,75,18,,Unemployed Youth,true,3500,false,15000,BIRTH_CERT|FORM_137|BARANGAY_CERT,false,false,false,false,2026-01-01,2026-12-31,2026-2027,rolling,2025-01-05,2025-12-28,true,tesda_twsp_tvet_2026,application_status=open | confidence=high | link_quality=primary,https://tesda.gov.ph,National short-term TVET sector fund with daily stipends; separate from baseline PESFA.
TESDA Special Training for Employment Program,Technical Education and Skills Development Authority,gemini_research,https://tesda.gov.ph,"The Special Training for Employment Program (STEP) is a community-focused TESDA scholarship path targeted at grass-roots livelihood creation and entrepreneurial development. It offers free technical training in community-based skills (e.g., electrical repair, baking, welding, masonry). Critically, it delivers an allocated daily allowance of 160 PHP, a clothing allowance of 500 PHP, and provides a comprehensive high-value Entrepreneurship Tool Kit (e.g., actual baking or welding kits) upon module completion to assist immediate employment. No GWA restrictions are applied.",Government,Need,TVET,,,true,Public|Private,Engineering,Community livelihood short courses,,75,15,,Grassroots Poor,true,3500,false,22000,BIRTH_CERT|BARANGAY_CERT,false,false,false,false,2026-01-01,2026-12-31,2026-2027,rolling,2025-01-05,2025-12-28,true,tesda_step_tvet_2026,application_status=open | confidence=high | link_quality=primary,https://tesda.gov.ph,Community TVET program providing physical entrepreneur tool kits upon graduation.
Erasmus Mundus Joint Masters Scholarship,European Union,gemini_research,https://erasmus-plus.ec.europa.eu,"The Erasmus Mundus Joint Masters Scholarship is a highly prestigious international bilateral program funded by the European Union for outstanding Filipino college graduates. It covers 100% of international tuition fees, laboratory charges, global travel costs, visa fees, and delivers a premium monthly living allowance of 1,400 EUR (approximately 88,000 PHP) for the entire 2-year graduate duration. Recipients study in at least three distinct European universities across different EU nations. It requires an elite undergraduate academic record (GWA 90% or equivalent), a comprehensive statement of purpose, academic essays, and dual letters of recommendation. Portals open annually in October.",Government,Merit-based,Graduate,,,false,Private|Public,STEM|Engineering|IT|Education|Medical|Business|Agriculture|Arts,All approved European joint master tracks,,90,,,Filipino Global Scholars,true,88000,true,2200000,TOR|BIRTH_CERT|GOOD_MORAL|ESSAY,false,true,true,false,2026-10-01,2027-01-15,2027-2028,annual,2025-10-05,2026-01-20,true,erasmus_mundus_ph_2026,application_status=recurring_unopened | confidence=high | link_quality=primary,https://erasmus-plus.ec.europa.eu|https://www.eeas.europa.eu/philippines,Elite international bilateral master's track with multi-country EU residency.
Taiwan ICDF Higher Education Scholarship Program,Taiwan International Cooperation and Development Fund,gemini_research,https://www.icdf.org.tw,"The Taiwan ICDF Higher Education Scholarship Program is a full international bilateral grant offered to Filipino citizens for Master's or Doctoral programs at partner Taiwanese universities. It provides full tuition coverage, modern campus housing, comprehensive health insurance, and a monthly stipend of 18,000 TWD (Master's) or 20,000 TWD (PhD) (approximately 32,000 to 36,000 PHP). Focus areas are restricted to STEM, tropical agriculture, and electronic engineering. Requires an undergraduate GWA of 85% or better and an interview by the Taipei Economic and Cultural Office (TECO) in Manila.",Government,Merit-based,Graduate,,,false,Public|Private,STEM|Engineering|Agriculture,STEM and Tropical Agriculture fields,,85,,,Advanced Tech Researchers,true,35000,true,900000,TOR|BIRTH_CERT|GOOD_MORAL|ESSAY,false,true,true,false,2026-01-01,2026-03-15,2026-2027,annual,2025-01-05,2025-03-15,false,taiwan_icdf_scholarship_2026,application_status=closed_reference | confidence=high | link_quality=primary,https://www.icdf.org.tw|https://www.roc-taiwan.org/ph,Bilateral international postgraduate track managed by TECO Manila.
