title,provider,source,link,description,provider_type,scholarship_type,eligible_levels,eligible_regions,eligible_cities,residency_required,eligible_school_types,eligible_courses_psced,eligible_courses_specific,max_income_threshold,min_gwa_normalized,min_age,max_age,priority_groups,members_only,benefit_tuition,benefit_allowance_monthly,benefit_books,benefit_total_value,required_documents,has_qualifying_exam,has_interview,has_essay_requirement,has_return_service,application_open_date,application_deadline,academic_year_target,cycle_type,last_open_date,last_close_date,is_active,source_slug,research_notes,source_urls,dedupe_rationale
Aboitiz Future Leaders Scholarship Program,Aboitiz Foundation,gemini_research,https://aboitiz.com/aboitiz-foundation/aboitiz-future-leaders-scholarship,"Corporate scholarship for incoming sophomore students enrolled in partner state universities in engineering, data science, communications, and related fields. Covers full tuition, monthly allowance, and academic excellence incentives. Requires cumulative first-year GWA of 2.0 or better on the UP scale with no failing or incomplete grades, plus a mandatory 400-hour internship within Aboitiz Group business units.",Private,Merit-and-Need,College,,,false,Public,STEM|Engineering|IT|Business|Agriculture|Arts,,,75,,,,,true,,false,,TOR|GOOD_MORAL|ESSAY,false,true,true,false,2026-04-28,2026-06-30,2026-2027,annual,,,true,aboitiz_future_leaders_2026,application_status=open | confidence=high | link_quality=primary,https://aboitiz.com/aboitiz-foundation/aboitiz-future-leaders-scholarship|https://sikap.upd.edu.ph/posts/scholarships/128/,"Sophomore-only corporate pipeline restricted to Aboitiz partner SUCs, distinct from freshman merit programs."
Bagong Pilipinas Merit Scholarship Program (BPMSP) - Higher Education Track,Commission on Higher Education,gemini_research,https://bpms.ched.gov.ph/,National merit scholarship for incoming college freshmen under the Bagong Pilipinas framework. SUC scholars receive full tuition; private HEI scholars receive up to 45000 PHP annually for tuition and fees plus a 45000 PHP annual stipend. Requires minimum 95% SHS GWA or top-five batch ranking and combined household income up to 2000000 PHP per year.,Government,Merit-based,College,,,false,Public|Private,STEM|Agriculture|Medical|IT|Education,,2000000,95,,,Underprivileged|PWD|IP|Solo Parent Dependent,,true,,false,90000,FORM_137|TOR|ITR|BIRTH_CERT|GOOD_MORAL,false,false,false,true,2026-04-30,2026-06-30,2026-2027,annual,,,true,bpmsp_higher_education_2026,application_status=open | confidence=high | link_quality=primary,https://bpms.ched.gov.ph/,"Higher Education Track under BPMSP with 95% GWA and 2M income ceiling, separate from the TVET diploma track."
Bagong Pilipinas Merit Scholarship Program (BPMSP) - TVET Track,Technical Education and Skills Development Authority,gemini_research,https://bpms.ched.gov.ph/,TVET diploma track under the joint CHED-DepEd-TESDA Bagong Pilipinas Merit Scholarship Program. Targets priority diploma programs with minimum 90% GWA and combined household income up to 2000000 PHP. Includes mandatory return-of-service of one year in the Philippines for every year of funding.,Government,Merit-based,TVET,,,false,Public|Private,,,2000000,90,,,Underprivileged|PWD|IP|Solo Parent Dependent,,true,,false,,FORM_137|TOR|ITR|BIRTH_CERT|GOOD_MORAL,false,false,false,true,2026-04-30,2026-06-30,2026-2027,annual,,,true,bpmsp_tvet_2026,application_status=open | confidence=high | link_quality=primary,https://bpms.ched.gov.ph/,"TVET diploma track with 90% GWA threshold, distinct from the BPMSP Higher Education baccalaureate track."
GSIS Subsidy for STEM Program (GSSP),Government Service Insurance System,gemini_research,https://www.gsis.gov.ph,"New STEM-focused subsidy for children of active GSIS members and permanent total disability pensioners under 60. Supports CHED-recognized STEM degree programs for college freshmen with minimum 90% SHS GWA. Provides 15000 PHP annual subsidy per scholar, prioritizing parents in Salary Grade 15 and below.",Government,Merit-and-Need,College,,,false,Public|Private,STEM|Engineering|IT|Medical,,,90,,,PWD|IP|Solo Parent Dependent,,false,,false,15000,BIRTH_CERT|FORM_137|TOR,false,false,false,false,2026-06-30,,2026-2027,annual,,,true,gsis_gssp_2026,application_status=opening_soon | confidence=high | link_quality=primary,https://www.gsis.gov.ph/2026/01/06/gsis-to-launch-stem-scholarship-this-year/|https://www.gsis.gov.ph/tag/stem/,"STEM-restricted GSIS member-dependent subsidy launching AY 2026-2027, distinct from the flat-rate GESP grant."
CHED Merit Scholarship Program (CMSP),Commission on Higher Education,gemini_research,https://legacy.ched.gov.ph/merit-scholarship/,Legacy CHED merit program for incoming college freshmen with minimum 93% GWA and combined annual household income up to 500000 PHP. Covers tuition and fees for scholars in CHED-recognized programs nationwide. Open for AY 2026-2027 applications.,Government,Merit-based,College,,,false,Public|Private,STEM|Engineering|IT|Medical|Business|Education|Agriculture|Arts|Architecture,,500000,93,,,Underprivileged|PWD|IP|Solo Parent Dependent,,true,,false,,FORM_137|TOR|ITR|BIRTH_CERT|GOOD_MORAL,false,false,false,false,2026-06-22,2026-07-31,2026-2027,annual,,,true,ched_cmsp_2026,application_status=open | confidence=high | link_quality=primary,https://legacy.ched.gov.ph/merit-scholarship/,"Legacy CMSP with 93% GWA and 500K income cap, separate from the newer BPMSP with higher thresholds."
DOST-SEI Undergraduate Scholarships (RA 7687 / Merit),DOST-SEI,gemini_research,https://www.science-scholarships.ph/,"Premier national science scholarship for four- or five-year baccalaureate degrees in science and technology. RA 7687 targets underprivileged students; Merit track is open regardless of income. Benefits include tuition up to 40000 PHP per year, 8000 PHP monthly living allowance, and 10000 PHP annual learning materials allowance.",Government,Merit-and-Need,College,,,false,Public|Private,STEM|Engineering|IT|Medical|Agriculture,,,,,,Underprivileged,,true,8000,true,106000,FORM_137|BIRTH_CERT|GOOD_MORAL|ITR,true,true,false,true,2025-10-13,2025-11-22,2026-2027,annual,2025-10-13,2025-11-22,false,dost_sei_undergraduate_2026,application_status=recurring_unopened | confidence=high | link_quality=primary,https://www.science-scholarships.ph/|https://governmentph.com/dost-scholarship-online/,"Flagship DOST-SEI undergraduate RA 7687 and Merit combined entry, distinct from the JLSS third-year track."
DOST-SEI Junior Level Science Scholarship (JLSS),DOST-SEI,gemini_research,https://www.science-scholarships.ph/,"Scholarship for incoming third-year college students pursuing science and technology degrees. Requires strong university GWA and completion of the first two years of a four- or five-year STEM program. Provides tuition, monthly living allowance, and learning materials support similar to the undergraduate program.",Government,Merit-based,College,,,false,Public|Private,STEM|Engineering|IT|Medical|Agriculture,,,,,,,,true,8000,true,106000,TOR|BIRTH_CERT|GOOD_MORAL,true,true,false,true,2026-04-13,2026-05-15,2026-2027,annual,2026-04-13,2026-05-15,false,dost_sei_jlss_2026,application_status=recurring_unopened | confidence=high | link_quality=primary,https://www.science-scholarships.ph/|https://governmentph.com/dost-jlss-scholarship/,"JLSS targets incoming third-year STEM students only, not freshmen covered by the main DOST-SEI undergraduate program."
SM Foundation College Scholarship Program,SM Foundation,gemini_research,https://scholarship.sm-foundation.org/,Corporate scholarship for graduating Grade 12 students from public schools or private voucher completers with household income up to 250000 PHP per year and minimum 92% GWA. Covers full tuition and fees plus monthly stipend at partner schools across designated regions. Includes semestral employment and post-graduation job placement within the SM Group.,Private,Merit-and-Need,College,NCR|Region III - Central Luzon|Region IV-A - Calabarzon|Region V - Bicol|Region VI - Western Visayas|Region VII - Central Visayas|Region VIII - Eastern Visayas|Region IX - Zamboanga Peninsula|Region X - Northern Mindanao|Region XI - Davao|Region XII - Soccsksargen|Region XIII - Caraga,,false,Public|Private,STEM|Engineering|IT|Business|Education,,250000,92,,,Underprivileged,,true,,false,,FORM_137|BIRTH_CERT|ITR|GOOD_MORAL,false,true,false,false,2026-02-01,2026-02-28,2026-2027,annual,2026-02-01,2026-02-28,false,sm_foundation_college_2026,application_status=recurring_unopened | confidence=high | link_quality=primary,https://scholarship.sm-foundation.org/|https://www.sm-foundation.org/what_we_do/college-scholarship-program/,"SM Foundation freshman pipeline restricted to partner-school regions, not a nationwide open-enrollment grant."
MEXT Scholarship - Research Category,JICC / Embassy of Japan,gemini_research,https://www.ph.emb-japan.go.jp/itpr_en/00_000193.html,"Japanese Government MEXT scholarship for Filipino college graduates pursuing master's or doctoral degrees in Japan. Requires a feasible research proposal in humanities, social sciences, or natural sciences. Provides tuition, monthly stipend, regional allowance, and roundtrip airfare. Applicants must be under 35 years old.",Government,Merit-based,Graduate,,,false,,,,,,,35,,,true,,false,,TOR|BIRTH_CERT|ESSAY,false,true,true,true,2026-04-22,2026-05-29,2027-2028,annual,2026-04-22,2026-05-29,false,mext_research_2027,application_status=recurring_unopened | confidence=high | link_quality=primary,https://www.ph.emb-japan.go.jp/itpr_en/00_000193.html|https://www.ph.emb-japan.go.jp/itpr_en/11_000001_02213.html,"MEXT graduate research track for master's and doctoral study in Japan, separate from undergraduate and TVET MEXT categories."
MEXT Scholarship - Undergraduate Track,JICC / Embassy of Japan,gemini_research,https://www.ph.emb-japan.go.jp/itpr_en/00_000193.html,"Japanese Government MEXT scholarship for high school graduates pursuing undergraduate degrees in Japan. Open to applicants under 25 with strong academic records. Covers tuition, monthly stipend, and roundtrip travel for full degree study in Japan.",Government,Merit-based,College,,,false,,,,,,,25,,,true,,false,,FORM_137|BIRTH_CERT|GOOD_MORAL,false,true,true,true,2026-04-22,2026-05-29,2027-2028,annual,2026-04-22,2026-05-29,false,mext_undergraduate_2027,application_status=recurring_unopened | confidence=high | link_quality=primary,https://www.ph.emb-japan.go.jp/itpr_en/00_000193.html|https://www.ph.emb-japan.go.jp/itpr_en/11_000001_02213.html,"MEXT undergraduate degree track for high school graduates, distinct from graduate research and technical training categories."
MEXT Scholarship - Specialized Training Track,JICC / Embassy of Japan,gemini_research,https://www.ph.emb-japan.go.jp/itpr_en/00_000193.html,"Japanese Government MEXT scholarship for vocational and specialized training programs in Japan. Targets high school graduates under 25 seeking technical skills development. Provides tuition, stipend, and travel support for designated training courses.",Government,Merit-based,TVET,,,false,,,,,,,25,,,true,,false,,FORM_137|BIRTH_CERT|GOOD_MORAL,false,true,true,true,2026-04-22,2026-05-29,2027-2028,annual,2026-04-22,2026-05-29,false,mext_specialized_training_2027,application_status=recurring_unopened | confidence=high | link_quality=primary,https://www.ph.emb-japan.go.jp/itpr_en/00_000193.html|https://www.ph.emb-japan.go.jp/itpr_en/11_000001_02213.html,"MEXT TVET and specialized training track, not an undergraduate or graduate research degree pathway."
MEXT Scholarship - College of Technology (KOSEN),JICC / Embassy of Japan,gemini_research,https://www.ph.emb-japan.go.jp/itpr_en/00_000193.html,"Japanese Government MEXT scholarship for the College of Technology (KOSEN) five-year engineering program in Japan. Combines college and TVET-level technical training for high school graduates under 25. Covers tuition, stipend, and roundtrip airfare.",Government,Merit-based,College|TVET,,,false,,,,,,,25,,,true,,false,,FORM_137|BIRTH_CERT|GOOD_MORAL,false,true,true,true,2026-04-22,2026-05-29,2027-2028,annual,2026-04-22,2026-05-29,false,mext_kosen_2027,application_status=recurring_unopened | confidence=high | link_quality=primary,https://www.ph.emb-japan.go.jp/itpr_en/00_000193.html|https://www.ph.emb-japan.go.jp/itpr_en/11_000001_02213.html,"MEXT KOSEN five-year engineering technology program, distinct from standard undergraduate and specialized training tracks."
GSIS Educational Subsidy Program (GESP),Government Service Insurance System,gemini_research,https://www.gsis.gov.ph,Flat-rate educational grant of 10000 PHP for dependents of active GSIS members and permanent total disability pensioners. Open to all college courses without STEM restriction. Historically offered as a broad welfare benefit before the launch of the STEM-specific GSSP.,Government,Need,College,,,false,Public|Private,,,,,,,,,false,,false,10000,BIRTH_CERT|TOR,false,false,false,false,,,2026-2027,annual,,,false,gsis_gesp_2026,application_status=recurring_unopened | confidence=high | link_quality=primary,https://www.gsis.gov.ph/tag/scholarship/,"Flat-rate GESP grant for all courses, not the new STEM-restricted GSSP with higher academic requirements."
OWWA Education for Development Scholarship (EDSP),Overseas Workers Welfare Administration,gemini_research,https://scholarship.owwa.gov.ph/,"Competitive scholarship for high-performing dependents of active OWWA members. Freshmen must be single, under 21, with SHS GWA of at least 80% and must pass the DOST-SEI qualifying exam. Provides up to 60000 PHP per school year for any four- or five-year baccalaureate course.",Government,Merit-based,College,,,false,Public|Private,,,,80,,21,OFW Dependent,,false,,false,60000,BIRTH_CERT|FORM_137|TOR|GOOD_MORAL,true,false,false,false,2025-11-10,2025-11-28,2026-2027,annual,2025-11-10,2025-11-28,false,owwa_edsp_2026,application_status=recurring_unopened | confidence=high | link_quality=primary,https://scholarship.owwa.gov.ph/|https://owwascholarship.ph/edsp-education-for-development-scholarship-program/,"EDSP merit track requiring DOST qualifying exam and 80% GWA, distinct from the need-based ODSP."
OWWA OFW Dependent Scholarship Program (ODSP),Overseas Workers Welfare Administration,gemini_research,https://scholarship.owwa.gov.ph/,Need-based scholarship for dependents of active OWWA members whose monthly salary does not exceed USD 600. Provides 20000 PHP per school year for baccalaureate or associate courses. Requires minimum 80% GWA for continuing eligibility.,Government,Need,College,,,false,Public|Private,,,,80,,,OFW Dependent,,false,,false,20000,BIRTH_CERT|FORM_137|ITR,false,false,false,false,,,2026-2027,annual,,,false,owwa_odsp_2026,application_status=recurring_unopened | confidence=high | link_quality=primary,https://scholarship.owwa.gov.ph/|https://scholarshipsfree.com/odsp-owwa-scholarship-2026-2027/,"ODSP need-based grant for lower-salary OFW families, separate from the competitive EDSP merit track."
OWWA Congressional Migrant Workers Scholarship (CMWSP),Overseas Workers Welfare Administration,gemini_research,https://scholarship.owwa.gov.ph/,Congressional-funded scholarship for active OWWA members or dependents with combined household income of USD 2400 or less per year. Restricted to prioritized science and technology courses. Provides up to 60000 PHP per academic year with minimum 80% GWA requirement.,Government,Merit-and-Need,College,,,false,Public|Private,STEM|Engineering|IT|Medical|Agriculture,,,80,,,OFW Dependent,,false,,false,60000,BIRTH_CERT|FORM_137|TOR|ITR,false,false,false,false,2025-11-10,2025-11-28,2026-2027,annual,2025-11-10,2025-11-28,false,owwa_cmwsp_2026,application_status=recurring_unopened | confidence=high | link_quality=primary,https://scholarship.owwa.gov.ph/|https://owwascholarship.ph/,"CMWSP STEM-restricted congressional allocation, distinct from EDSP and ODSP OWWA tracks."
Quezon City Scholarship Program (QCSP),Quezon City Government,gemini_research,https://qceservices.quezoncity.gov.ph,"City-wide LGU scholarship covering senior high school, vocational, college, and postgraduate students who are Quezon City residents with verified QCitizen ID. Directs 70% of tertiary slots to low-income and marginalized sectors. Supported 9377 active scholars in the most recent cycle.",LGU,Need,High School|College|TVET|Graduate,NCR,Quezon City,true,Public|Private,,,,,,,Underprivileged|PWD|4Ps|Listahanan,,true,,false,,BARANGAY_CERT|BIRTH_CERT|TOR|4PS_CERT,false,false,false,false,2026-05-25,2026-06-05,2026-2027,annual,2026-05-25,2026-06-05,false,quezon_city_qcsp_2026,application_status=recurring_unopened | confidence=high | link_quality=primary,https://qceservices.quezoncity.gov.ph|https://quezoncity.gov.ph/application-for-qc-scholarship-program-opens/,"General QCSP city-wide need-based program, separate from the specialized Manuel L. Quezon Filipino language track."
Manuel L. Quezon Filipino Language and Literature Scholarship Program,Quezon City Government,gemini_research,https://qceservices.quezoncity.gov.ph,"Specialized Quezon City LGU humanities scholarship for college students, researchers, and educators pursuing Filipino language and literature. Requires QC residency and QCitizen verification. Counterpart to STEM-focused national programs, preserving cultural capital.",LGU,Merit-based,College|Graduate,NCR,Quezon City,true,Public|Private,Arts,Filipino Language and Literature,,,,,,,true,,false,,BARANGAY_CERT|BIRTH_CERT|TOR|ESSAY,false,true,true,false,2026-05-25,2026-06-05,2026-2027,annual,2026-05-25,2026-06-05,false,quezon_city_filipino_language_2026,application_status=recurring_unopened | confidence=high | link_quality=primary,https://qceservices.quezoncity.gov.ph|https://quezoncity.gov.ph/application-for-qc-scholarship-program-opens/,"Specialized Filipino language and literature humanities track, not the general QCSP need-based program."
Australia Awards Scholarships (Philippines),Australian Government,gemini_research,https://www.australiaawardsphilippines.org/scholarships,"Fully funded master's degrees at Australian universities for Filipino citizens with at least 12 months Philippine residency and two years cumulative work experience. Covers tuition, return air travel, establishment allowance, living expenses, and health insurance. Requires a Re-Entry Action Plan for development work upon return.",Government,Merit-based,Graduate,,,false,,STEM|Agriculture|IT|Business|Education|Arts,,,,,,,,true,,false,,TOR|ESSAY|BIRTH_CERT,false,true,true,true,2026-02-01,2026-04-30,2027-2028,annual,2026-02-01,2026-04-30,false,australia_awards_2027,application_status=recurring_unopened | confidence=high | link_quality=primary,https://www.australiaawardsphilippines.org/scholarships|https://philippines.embassy.gov.au/mnla/MR100326.html,"Australian Government bilateral master's program with REAP return obligation, not a domestic Philippine grant."
Fulbright-PhilSA Graduate Program,PAEF / PhilSA,gemini_research,https://apply.iie.org/ffsp2027,"Bi-national Fulbright-Philippine Space Agency program financing master's and doctoral degrees in the United States in space science and technology applications. Fully funded including tuition, travel, maintenance, and health insurance. Requires relevant college degree, two years post-college work experience, and return-to-Philippines service obligation.",Government,Merit-based,Graduate,,,false,,STEM|Engineering|IT,Space Science and Technology Applications,,,,,,,true,,false,,TOR|ESSAY|BIRTH_CERT,false,true,true,true,,2026-06-19,2027-2028,annual,,2026-06-19,false,fulbright_philsa_2027,application_status=recurring_unopened | confidence=high | link_quality=primary,https://apply.iie.org/ffsp2027|https://www.fulbright.org.ph/index.php/services/10-scholarship-programs/296-fulbright-philsa-foreign-student-program|https://philsa.gov.ph/news/fulbright-philippine-space-agency-foreign-student-program-in-space-science-and-technology-applications-ssta-2026-2027-call-for-applications/,"Fulbright-PhilSA space technology specialization, distinct from general Australia Awards or Chevening programs."
Chevening Scholarship,FCDO / UK Government,gemini_research,https://www.chevening.org/apply,"UK Government fully funded one-year master's program in the United Kingdom. Highly competitive global selection based on leadership, networking, career plan, and study proposal. Requires at least 2800 hours of post-graduation work experience and two-year return commitment to the Philippines after completion.",Government,Merit-based,Graduate,,,false,,,,,,,,,,true,,false,,TOR|ESSAY|BIRTH_CERT,false,true,true,true,2026-08-05,2026-10-07,2027-2028,annual,,,true,chevening_2027,application_status=opening_soon | confidence=high | link_quality=primary,https://www.chevening.org/apply|https://www.chevening.org/resource-hub/guidance/eligibility/,"UK Chevening one-year master's with leadership essays, separate from Australia Awards and Fulbright-PhilSA tracks."
Global Korea Scholarship (GKS) Graduate,NIIED,gemini_research,https://www.studyinkorea.go.kr,"South Korean government scholarship for master's and doctoral degrees including mandatory one-year Korean language training. Provides round-trip airfare, tuition, living allowance, and health insurance. Embassy Track allows applying to up to three universities; applicants must be under 40.",Government,Merit-based,Graduate,,,false,,,,,,,40,,,true,,false,,TOR|ESSAY|BIRTH_CERT,false,true,true,true,2026-02-12,2026-02-25,2026-2027,annual,2026-02-12,2026-02-25,false,gks_graduate_2026,application_status=recurring_unopened | confidence=high | link_quality=primary,https://www.studyinkorea.go.kr|https://www.studyinkorea.go.kr/ko/plan/gksNoticeRead.do?bbsId=BBSMSTR_000000000461&nttId=4420,"GKS graduate degree track with language training requirement, distinct from the GKS undergraduate program."
Global Korea Scholarship (GKS) Undergraduate,NIIED,gemini_research,https://www.studyinkorea.go.kr,"South Korean government scholarship for undergraduate bachelor's degrees in Korea. Fully funded including airfare, tuition, living allowance, and health insurance with mandatory Korean language training. Embassy Track application cycle typically opens in September.",Government,Merit-based,College,,,false,,,,,,,,,,true,,false,,FORM_137|BIRTH_CERT|GOOD_MORAL|ESSAY,false,true,true,true,2025-09-15,2025-09-30,2026-2027,annual,2025-09-15,2025-09-30,false,gks_undergraduate_2026,application_status=recurring_unopened | confidence=high | link_quality=primary,https://www.studyinkorea.go.kr|https://www.mofa.go.kr/ph-en/brd/m_3272/view.do?seq=761065,"GKS undergraduate bachelor's track, separate from the GKS graduate research program."
CHED-UniFAST Tertiary Education Subsidy (TES),UniFAST / CHED,gemini_research,https://tes.unifast.gov.ph,"National need-based tertiary education subsidy administered through HEIs via the UniFAST portal. Targets underprivileged and 4Ps/Listahanan students enrolled in CHED-recognized programs. Provides allowance for tuition gaps, books, and living expenses based on prioritization guidelines.",Government,Need,College,,,false,Public|Private,,,,,,,Underprivileged|4Ps|Listahanan,,true,,true,,TOR|4PS_CERT|BIRTH_CERT,false,false,false,false,,,2026-2027,annual,,,false,unifast_tes_2026,application_status=recurring_unopened | confidence=high | link_quality=primary,https://tes.unifast.gov.ph|https://quezoncity.gov.ph/wp-content/uploads/2024/03/2.-CHED-%E2%80%93-UNIFAST-Tertiary-Education-Subsidy-TES.pdf,"UniFAST TES need-based allowance via HEI disbursement, not a competitive merit scholarship like CMSP or BPMSP."
TESDA Private Education Student Financial Assistance,TESDA,gemini_research,https://www.tesda.gov.ph,TESDA-administered financial assistance for students in private TVET institutions. Rolling applications processed through regional and provincial TESDA offices. Targets underprivileged learners pursuing technical-vocational education and training programs.,Government,Need,TVET,,,false,Private,,,,,,,Underprivileged,,true,,false,,BIRTH_CERT|FORM_137|BARANGAY_CERT,false,false,false,false,,,2026-2027,rolling,,,true,tesda_pesfa_2026,application_status=open | confidence=high | link_quality=primary,https://www.tesda.gov.ph/about/tesda/1279,"TESDA private TVET rolling assistance via regional offices, distinct from BPMSP TVET merit track."
PUP Entrance Scholarship Program,PUP,gemini_research,https://www.pup.edu.ph/students/scholarships,"Institutional merit scholarship for exemplary incoming PUP freshmen who qualify through the university entrance examination. Targets high-performing qualifiers with financial need considerations including PWD, IP, and solo parent dependents.",Institutional,Merit-based,College,,,false,Public,,,,,,,Underprivileged|PWD|IP|Solo Parent Dependent,,true,,false,,FORM_137|BIRTH_CERT|GOOD_MORAL,true,false,false,false,,,2026-2027,annual,,,false,pup_entrance_scholarship_2026,application_status=recurring_unopened | confidence=high | link_quality=primary,https://www.pup.edu.ph/students/scholarships,"PUP freshman entrance merit grant for qualifiers only, not the semester-based student assistantship."
PUP Student Assistantship Program,PUP,gemini_research,https://www.pup.edu.ph/students/scholarships,Need-based student assistantship managed by the PUP student services office with rolling applications each semester. Provides work-study opportunities on campus to help enrolled students cover educational expenses.,Institutional,Need,College,,,false,Public,,,,,,,,,false,,false,,TOR|BIRTH_CERT,false,true,false,false,,,2026-2027,semester,,,true,pup_student_assistantship_2026,application_status=open | confidence=high | link_quality=primary,https://www.pup.edu.ph/students/scholarships,"Semester rolling work-study assistantship for enrolled PUP students, not the freshman entrance scholarship."
UP College of Law Scholarship Program,UP College of Law,gemini_research,https://law.upd.edu.ph/call-for-scholarship-applications-ay-2025-2026/,"Institutional merit-and-need scholarship for UP College of Law students. Targets underprivileged, PWD, and IP law students with demonstrated financial need and academic standing. Highly recurring annual grant administered by the law college.",Institutional,Merit-and-Need,Graduate,,,false,Public,,Law,,,,,Underprivileged|PWD|IP,,true,,false,,TOR|ITR|ESSAY|GOOD_MORAL,false,true,true,false,2025-06-30,2025-07-20,2025-2026,annual,2025-06-30,2025-07-20,false,up_college_of_law_2026,application_status=recurring_unopened | confidence=high | link_quality=primary,https://law.upd.edu.ph/call-for-scholarship-applications-ay-2025-2026/,"UP Law institutional grant for JD students only, not a general UP Diliman undergraduate program."
Security Bank External Scholarship Program,Security Bank Foundation,gemini_research,https://www.securitybank.com/agency-scholarships-program-dnd/,"Private corporate scholarship for college students in NCR pursuing business, STEM, engineering, and IT fields. Requires minimum 86% GWA. Active program with partner university deadlines including PUP and Ateneo through July 31, 2026.",Private,Merit-and-Need,College,NCR,,false,Public|Private,Business|STEM|Engineering|IT,,,86,,,,,true,,false,,TOR|GOOD_MORAL|BIRTH_CERT,false,true,false,false,2026-05-23,2026-07-31,2026-2027,annual,,,true,security_bank_external_2026,application_status=open | confidence=high | link_quality=primary,https://www.securitybank.com/agency-scholarships-program-dnd/,"Security Bank NCR corporate scholarship via partner universities, distinct from Gokongwei and Megaworld foundation programs."
Gokongwei Brothers Foundation STEM-College Scholarship,Gokongwei Brothers Foundation,gemini_research,https://philscholar.com/gbf-stem-college-scholarship/,"Annual corporate STEM scholarship for college students in engineering, IT, and related science fields. Covers tuition and provides allowances for scholars demonstrating academic merit and financial need. Annual cycle closed May 31, 2026 for current intake.",Private,Merit-and-Need,College,,,false,Public|Private,STEM|Engineering|IT,,,,,,,,true,,false,,TOR|FORM_137|BIRTH_CERT|GOOD_MORAL,false,true,false,false,2026-04-07,2026-05-31,2026-2027,annual,2026-04-07,2026-05-31,false,gokongwei_stem_college_2026,application_status=recurring_unopened | confidence=medium | link_quality=secondary,https://philscholar.com/gbf-stem-college-scholarship/,GBF STEM-college corporate program; secondary source only as official GBF portal URL was not verified in research.
Megaworld Foundation College Scholarship,Megaworld Foundation,gemini_research,https://www.megaworldfoundation.com/scholarship/apply/form,"Corporate college scholarship for underprivileged students in STEM, engineering, IT, business, and architecture. Requires minimum 85% GWA with zero dropped subjects and combined household income not exceeding 400000 PHP. Covers full tuition and institutional fees plus monthly stipend.",Private,Merit-and-Need,College,,,false,Public|Private,STEM|Engineering|IT|Business|Architecture,,400000,85,,,Underprivileged,,true,2500,false,,TOR|ITR|BIRTH_CERT|GOOD_MORAL|ESSAY,false,true,true,false,2026-02-11,2026-02-28,2026-2027,annual,2026-02-11,2026-02-28,false,megaworld_college_2026,application_status=recurring_unopened | confidence=high | link_quality=primary,https://www.megaworldfoundation.com/scholarship/apply/form|https://www.megaworldfoundation.com,"Megaworld Foundation undergraduate grant with 400K income cap and 85% GWA, separate from Security Bank and GBF programs."
