research_title,research_provider,matched_id,matched_title,match_basis,suggested_updates,verification_confidence,source_url,evidence_snippet,verified_at
SM Foundation College Scholarship,SM Foundation,10,SM Foundation College Scholarship,Exact title and provider match on official SM Foundation page,"Confirm eligible_levels=College only (separate from Tech-Voc track); update application cycle from official page (Feb 1-28 2026); verify benefit_allowance_monthly and partner school list",verified,https://www.sm-foundation.org/what_we_do/college-scholarship-program/,"Grade 12 GWA at least 92%; household income at most P250,000; online application Feb 1-28 2026",2026-07-09
Megaworld Foundation Scholarship Program,Megaworld Foundation,61,Megaworld Foundation Scholarship Program,Exact program name on megaworldfoundation.com,"Update application_status to closed_for_this_cycle (SY 2024-2025 closed per site); confirm max_income_threshold=400000 and min_gwa=85",verified,https://www.megaworldfoundation.com/scholarship_program,"Full tuition and allowances via foundation ATM; 76 partner schools; income not exceeding Php 400,000",2026-07-09
Security Bank Scholars for Better Communities,Security Bank Foundation,71,Security Bank External Scholarship Program,Official SBFI page names External Scholarship under Scholars for Better Communities brand,"Align title to 'Scholars for Better Communities - External Scholarship'; id 58 is archived SUC variant—confirm whether to merge or keep separate tracks",verified,https://www.securitybank.com/foundation/scholarsforbettercommunities/,"External Scholarship provides educational assistance to underprivileged college students in partner schools",2026-07-09
ACEF-GIAHEP,CHED/DA,55,Department of Agriculture ACEF GIAHEP SUC Track,Program acronym and legal basis RA 10848 match,"Verify whether PHEI track should be separate record; confirm income threshold 400000 PHP and RSBSA priority group",partially_verified,https://legacy.ched.gov.ph/acef-giahep/,"Joint CHED-DA program for agriculture forestry fisheries veterinary medicine students",2026-07-09
OWWA EDSP,OWWA,85,OWWA Education for Development Scholarship (EDSP),Exact acronym and program type on OWWA citizens charter,"Reactivate archived record if program still active; verify DOST-SEI exam linkage and 60000 PHP annual grant",partially_verified,https://owwa.gov.ph/wp-content/uploads/2026/05/OWWA_CC_2026v3.pdf,"EDSP listed in OWWA Citizens Charter 2026 as scholarship for OFW dependents",2026-07-09
OWWA ODSP,OWWA,86,OWWA OFW Dependent Scholarship Program (ODSP),Exact acronym match in catalog and OWWA charter,"Reactivate if active; confirm USD 600 salary cap and 20000 PHP flat grant",partially_verified,https://owwa.gov.ph/wp-content/uploads/2026/05/OWWA_CC_2026v3.pdf,"ODSP listed in OWWA Citizens Charter 2026 pages 23-26",2026-07-09
OWWA CMWSP,OWWA,87,OWWA Congressional Migrant Workers Scholarship (CMWSP),Exact acronym match in catalog,"Reactivate if active; verify PCSO funding and DOST pre-qualifying exam requirement",partially_verified,https://owwa.gov.ph/wp-content/uploads/2026/05/OWWA_CC_2026v3.pdf,"CMWSP listed in OWWA Citizens Charter 2026",2026-07-09
CHED Medical Scholarship and Return Service (MSRS),CHED,54,DOH Medical Scholarship and Return Service Program,Same RA 11509 Doktor Para sa Bayan program—wrong provider in DB,"CRITICAL: Change provider from DOH to CHED; retitle to MSRS; un-archive; update primary_link to legacy.ched.gov.ph/msrs; correct benefit package per CHED page",verified,https://legacy.ched.gov.ph/msrs/,"Legal basis RA 11509; administered by CHED not DOH; semestral allowance Php 88,500 (177,000/AY)",2026-07-09
DOST-SEI JLSS (umbrella),DOST-SEI,79,DOST-SEI Junior Level Science Scholarship (JLSS),Same program family but DB has single consolidated archived record,"Split into three track records (Merit RA 7687 RA 10612); un-archive; do not use fabricated 2026 cycle dates",verified,https://www.science-scholarships.ph/,"JLSS has Merit RA 7687 and RA 10612 tracks on official science-scholarships.ph hub",2026-07-09
